Time,VII_Lg,IX_Lg,P15,P16,3x_h2,3x_o2,4x_h2,4x_o2,25x_h2,25x_o2,35x_h2,35x_o2,VIIx_h2,VIIx_o2,IXx_h2,IXx_o2,XIIIx_h2,XIIIx_o2,
          0.10000000,          0.29999974,          0.29999974,    2999997.41990714,    2999997.43182228,          0.00000027,          0.00000000,          0.00000000,          0.00000014,          1.00000000,          0.00000000,          0.00000000,          1.00000000,          0.00000000,          0.00000000,          0.00000000,          0.00000000,          0.00000000,          0.00000000,
          0.20000000,          0.29999948,          0.29999948,    2999994.80023400,    2999994.81213935,          0.00000054,          0.00000000,          0.00000001,          0.00000027,          1.00000000,          0.00000000,          0.00000000,          1.00000000,          0.00000000,          0.00000000,          0.00000000,          0.00000000,          0.00000000,          0.00000000,
          0.30000000,          0.29999922,          0.29999922,    2999992.18088209,    2999992.19278364,          0.00000081,          0.00000000,          0.00000001,          0.00000041,          1.00000000,          0.00000000,          0.00000000,          1.00000000,          0.00000000,          0.00000000,          0.00000000,          0.00000000,          0.00000000,          0.00000000,
          0.40000000,          0.29999896,          0.29999896,    2999989.56160867,    2999989.57351190,          0.00000108,          0.00000000,          0.00000001,          0.00000055,          1.00000000,          0.00000000,          0.00000000,          1.00000000,          0.00000000,          0.00000000,          0.00000000,          0.00000000,          0.00000000,          0.00000000,
          0.50000000,          0.29999869,          0.29999870,    2999986.94237861,    2999986.95428387,          0.00000135,          0.00000000,          0.00000002,          0.00000069,          1.00000000,          0.00000000,          0.00000000,          1.00000000,          0.00000000,          0.00000000,          0.00000000,          0.00000000,          0.00000000,          0.00000000,
          0.60000000,          0.29999843,          0.29999843,    2999984.32319764,    2999984.33510526,          0.00000163,          0.00000000,          0.00000002,          0.00000082,          1.00000000,          0.00000000,          0.00000000,          1.00000000,          0.00000000,          0.00000000,          0.00000000,          0.00000000,          0.00000000,          0.00000000,
          0.70000000,          0.29999817,          0.29999817,    2999981.70407046,    2999981.71598073,          0.00000190,          0.00000000,          0.00000002,          0.00000096,          1.00000000,          0.00000000,          0.00000000,          1.00000000,          0.00000000,          0.00000000,          0.00000000,          0.00000000,          0.00000000,          0.00000000,
          0.80000000,          0.29999791,          0.29999791,    2999979.08500095,    2999979.09691415,          0.00000217,          0.00000000,          0.00000003,          0.00000110,          1.00000000,          0.00000000,          0.00000000,          1.00000000,          0.00000000,          0.00000000,          0.00000000,          0.00000000,          0.00000000,          0.00000000,
          0.90000000,          0.29999765,          0.29999765,    2999976.46599231,    2999976.47790870,          0.00000244,          0.00000000,          0.00000003,          0.00000124,          1.00000000,          0.00000000,          0.00000000,          1.00000000,          0.00000000,          0.00000000,          0.00000000,          0.00000000,          0.00000000,          0.00000000,
          1.00000000,          0.29999738,          0.29999739,    2999973.84704721,    2999973.85896704,          0.00000271,          0.00000000,          0.00000004,          0.00000137,          1.00000000,          0.00000000,          0.00000000,          1.00000000,          0.00000000,          0.00000000,          0.00000000,          0.00000000,          0.00000000,          0.00000000,
          1.10000000,          0.29999712,          0.29999712,    2999971.22816788,    2999971.24009138,          0.00000298,          0.00000000,          0.00000004,          0.00000151,          1.00000000,          0.00000000,          0.00000000,          1.00000000,          0.00000000,          0.00000000,          0.00000000,          0.00000000,          0.00000000,          0.00000000,
          1.20000000,          0.29999686,          0.29999686,    2999968.60935622,    2999968.62128362,          0.00000325,          0.00000000,          0.00000004,          0.00000165,          1.00000000,          0.00000000,          0.00000000,          1.00000000,          0.00000000,          0.00000000,          0.00000000,          0.00000000,          0.00000000,          0.00000000,
          1.30000000,          0.29999660,          0.29999660,    2999965.99061385,    2999966.00254538,          0.00000352,          0.00000000,          0.00000005,          0.00000178,          1.00000000,          0.00000000,          0.00000000,          1.00000000,          0.00000000,          0.00000000,          0.00000000,          0.00000000,          0.00000000,          0.00000000,
          1.40000000,          0.29999634,          0.29999634,    2999963.37194216,    2999963.38387803,          0.00000379,          0.00000000,          0.00000005,          0.00000192,          1.00000000,          0.00000000,          0.00000000,          1.00000000,          0.00000000,          0.00000000,          0.00000000,          0.00000000,          0.00000000,          0.00000000,
          1.50000000,          0.29999608,          0.29999608,    2999960.75334237,    2999960.76528280,          0.00000406,          0.00000000,          0.00000005,          0.00000206,          1.00000000,          0.00000000,          0.00000000,          1.00000000,          0.00000000,          0.00000000,          0.00000000,          0.00000000,          0.00000000,          0.00000000,
          1.60000000,          0.29999581,          0.29999581,    2999958.13481556,    2999958.14676076,          0.00000433,          0.00000000,          0.00000006,          0.00000220,          1.00000000,          0.00000000,          0.00000000,          1.00000000,          0.00000000,          0.00000000,          0.00000000,          0.00000000,          0.00000000,          0.00000000,
          1.70000000,          0.29999555,          0.29999555,    2999955.51636269,    2999955.52831287,          0.00000460,          0.00000000,          0.00000006,          0.00000233,          1.00000000,          0.00000000,          0.00000000,          1.00000000,          0.00000000,          0.00000000,          0.00000000,          0.00000000,          0.00000000,          0.00000000,
          1.80000000,          0.29999529,          0.29999529,    2999952.89798462,    2999952.90993999,          0.00000487,          0.00000000,          0.00000007,          0.00000247,          1.00000000,          0.00000000,          0.00000000,          1.00000000,          0.00000000,          0.00000000,          0.00000000,          0.00000000,          0.00000000,          0.00000000,
          1.90000000,          0.29999503,          0.29999503,    2999950.27968216,    2999950.29164293,          0.00000514,          0.00000000,          0.00000007,          0.00000261,          1.00000000,          0.00000000,          0.00000001,          0.99999999,          0.00000000,          0.00000000,          0.00000000,          0.00000000,          0.00000000,          0.00000000,
          2.00000000,          0.29999477,          0.29999477,    2999947.66145604,    2999947.67342242,          0.00000542,          0.00000000,          0.00000007,          0.00000274,          1.00000000,          0.00000000,          0.00000001,          0.99999999,          0.00000000,          0.00000000,          0.00000000,          0.00000000,          0.00000000,          0.00000000,
          2.10000000,          0.29999450,          0.29999450,    2999945.04330696,    2999945.05527916,          0.00000569,          0.00000000,          0.00000008,          0.00000288,          1.00000000,          0.00000000,          0.00000001,          0.99999999,          0.00000000,          0.00000000,          0.00000000,          0.00000000,          0.00000000,          0.00000000,
          2.20000000,          0.29999424,          0.29999424,    2999942.42523557,    2999942.43721379,          0.00000596,          0.00000000,          0.00000008,          0.00000302,          1.00000000,          0.00000000,          0.00000001,          0.99999999,          0.00000000,          0.00000000,          0.00000000,          0.00000000,          0.00000000,          0.00000000,
          2.30000000,          0.29999398,          0.29999398,    2999939.80724248,    2999939.81922694,          0.00000623,          0.00000000,          0.00000009,          0.00000316,          1.00000000,          0.00000000,          0.00000001,          0.99999999,          0.00000000,          0.00000000,          0.00000000,          0.00000000,          0.00000000,          0.00000000,
          2.40000000,          0.29999372,          0.29999372,    2999937.18932831,    2999937.20131921,          0.00000650,          0.00000000,          0.00000009,          0.00000329,          1.00000000,          0.00000000,          0.00000001,          0.99999999,          0.00000000,          0.00000000,          0.00000000,          0.00000000,          0.00000000,          0.00000000,
          2.50000000,          0.29999346,          0.29999346,    2999934.57149362,    2999934.58349117,          0.00000677,          0.00000000,          0.00000009,          0.00000343,          1.00000000,          0.00000000,          0.00000001,          0.99999999,          0.00000000,          0.00000000,          0.00000000,          0.00000000,          0.00000000,          0.00000000,
          2.60000000,          0.29999320,          0.29999319,    2999931.95373898,    2999931.96574340,          0.00000704,          0.00000000,          0.00000010,          0.00000357,          1.00000000,          0.00000000,          0.00000001,          0.99999999,          0.00000000,          0.00000000,          0.00000000,          0.00000000,          0.00000000,          0.00000000,
          2.70000000,          0.29999293,          0.29999293,    2999929.33606493,    2999929.34807643,          0.00000731,          0.00000000,          0.00000010,          0.00000371,          1.00000000,          0.00000000,          0.00000001,          0.99999999,          0.00000000,          0.00000000,          0.00000000,          0.00000000,          0.00000000,          0.00000000,
          2.80000000,          0.29999267,          0.29999267,    2999926.71847203,    2999926.73049082,          0.00000758,          0.00000000,          0.00000011,          0.00000384,          1.00000000,          0.00000000,          0.00000001,          0.99999999,          0.00000000,          0.00000000,          0.00000000,          0.00000000,          0.00000000,          0.00000000,
          2.90000000,          0.29999241,          0.29999241,    2999924.10096081,    2999924.11298710,          0.00000785,          0.00000000,          0.00000011,          0.00000398,          1.00000000,          0.00000000,          0.00000001,          0.99999999,          0.00000000,          0.00000000,          0.00000000,          0.00000000,          0.00000000,          0.00000000,
          3.00000000,          0.29999215,          0.29999214,    2999921.48353178,    2999921.49556579,          0.00000812,          0.00000000,          0.00000012,          0.00000412,          1.00000000,          0.00000000,          0.00000002,          0.99999998,          0.00000000,          0.00000000,          0.00000000,          0.00000000,          0.00000000,          0.00000000,
          3.10000000,          0.29999189,          0.29999188,    2999918.86618547,    2999918.87822742,          0.00000839,          0.00000000,          0.00000012,          0.00000425,          1.00000000,          0.00000000,          0.00000002,          0.99999998,          0.00000000,          0.00000000,          0.00000000,          0.00000000,          0.00000000,          0.00000000,
          3.20000000,          0.29999162,          0.29999162,    2999916.24892241,    2999916.26097251,          0.00000866,          0.00000000,          0.00000012,          0.00000439,          1.00000000,          0.00000000,          0.00000002,          0.99999998,          0.00000000,          0.00000000,          0.00000000,          0.00000000,          0.00000000,          0.00000000,
          3.30000000,          0.29999136,          0.29999136,    2999913.63174309,    2999913.64380156,          0.00000893,          0.00000000,          0.00000013,          0.00000453,          1.00000000,          0.00000000,          0.00000002,          0.99999998,          0.00000000,          0.00000000,          0.00000000,          0.00000000,          0.00000000,          0.00000000,
          3.40000000,          0.29999110,          0.29999110,    2999911.01464803,    2999911.02671509,          0.00000920,          0.00000000,          0.00000013,          0.00000467,          1.00000000,          0.00000000,          0.00000002,          0.99999998,          0.00000000,          0.00000000,          0.00000000,          0.00000000,          0.00000000,          0.00000000,
          3.50000000,          0.29999084,          0.29999083,    2999908.39763774,    2999908.40971361,          0.00000947,          0.00000000,          0.00000014,          0.00000480,          1.00000000,          0.00000000,          0.00000002,          0.99999998,          0.00000000,          0.00000000,          0.00000000,          0.00000000,          0.00000000,          0.00000000,
          3.60000000,          0.29999058,          0.29999057,    2999905.78071272,    2999905.79279762,          0.00000974,          0.00000000,          0.00000014,          0.00000494,          1.00000000,          0.00000000,          0.00000002,          0.99999998,          0.00000000,          0.00000000,          0.00000000,          0.00000000,          0.00000000,          0.00000000,
          3.70000000,          0.29999032,          0.29999031,    2999903.16387348,    2999903.17596764,          0.00001001,          0.00000000,          0.00000015,          0.00000508,          1.00000000,          0.00000000,          0.00000003,          0.99999997,          0.00000000,          0.00000000,          0.00000000,          0.00000000,          0.00000000,          0.00000000,
          3.80000000,          0.29999005,          0.29999005,    2999900.54712053,    2999900.55922417,          0.00001028,          0.00000000,          0.00000015,          0.00000522,          1.00000000,          0.00000000,          0.00000003,          0.99999997,          0.00000000,          0.00000000,          0.00000000,          0.00000000,          0.00000000,          0.00000000,
          3.90000000,          0.29998979,          0.29998979,    2999897.93045437,    2999897.94256771,          0.00001055,          0.00000000,          0.00000015,          0.00000535,          1.00000000,          0.00000000,          0.00000003,          0.99999997,          0.00000000,          0.00000000,          0.00000000,          0.00000000,          0.00000000,          0.00000000,
          4.00000000,          0.29998953,          0.29998952,    2999895.31387549,    2999895.32599876,          0.00001082,          0.00000000,          0.00000016,          0.00000549,          1.00000000,          0.00000000,          0.00000003,          0.99999997,          0.00000000,          0.00000000,          0.00000000,          0.00000000,          0.00000000,          0.00000000,
          4.10000000,          0.29998927,          0.29998926,    2999892.69738440,    2999892.70951783,          0.00001109,          0.00000000,          0.00000016,          0.00000563,          1.00000000,          0.00000000,          0.00000003,          0.99999997,          0.00000000,          0.00000000,          0.00000000,          0.00000000,          0.00000000,          0.00000000,
          4.20000000,          0.29998901,          0.29998900,    2999890.08098161,    2999890.09312542,          0.00001136,          0.00000000,          0.00000017,          0.00000576,          1.00000000,          0.00000000,          0.00000003,          0.99999997,          0.00000000,          0.00000000,          0.00000000,          0.00000000,          0.00000000,          0.00000000,
          4.30000000,          0.29998875,          0.29998874,    2999887.46466760,    2999887.47682204,          0.00001163,          0.00000000,          0.00000017,          0.00000590,          1.00000000,          0.00000000,          0.00000004,          0.99999996,          0.00000000,          0.00000000,          0.00000000,          0.00000000,          0.00000000,          0.00000000,
          4.40000000,          0.29998848,          0.29998847,    2999884.84844290,    2999884.86060818,          0.00001190,          0.00000000,          0.00000018,          0.00000604,          1.00000000,          0.00000000,          0.00000004,          0.99999996,          0.00000000,          0.00000000,          0.00000000,          0.00000000,          0.00000000,          0.00000000,
          4.50000000,          0.29998822,          0.29998821,    2999882.23230799,    2999882.24448435,          0.00001217,          0.00000000,          0.00000018,          0.00000618,          1.00000000,          0.00000000,          0.00000004,          0.99999996,          0.00000000,          0.00000000,          0.00000000,          0.00000000,          0.00000000,          0.00000000,
          4.60000000,          0.29998796,          0.29998795,    2999879.61626337,    2999879.62845105,          0.00001244,          0.00000000,          0.00000019,          0.00000631,          1.00000000,          0.00000000,          0.00000004,          0.99999996,          0.00000000,          0.00000000,          0.00000000,          0.00000000,          0.00000000,          0.00000000,
          4.70000000,          0.29998770,          0.29998769,    2999877.00030955,    2999877.01250877,          0.00001271,          0.00000000,          0.00000019,          0.00000645,          1.00000000,          0.00000000,          0.00000004,          0.99999996,          0.00000000,          0.00000000,          0.00000000,          0.00000000,          0.00000000,          0.00000000,
          4.80000000,          0.29998744,          0.29998743,    2999874.38444702,    2999874.39665803,          0.00001298,          0.00000000,          0.00000020,          0.00000659,          1.00000000,          0.00000000,          0.00000005,          0.99999995,          0.00000000,          0.00000000,          0.00000000,          0.00000000,          0.00000000,          0.00000000,
          4.90000000,          0.29998718,          0.29998716,    2999871.76867629,    2999871.78089932,          0.00001325,          0.00000000,          0.00000020,          0.00000672,          1.00000000,          0.00000000,          0.00000005,          0.99999995,          0.00000000,          0.00000000,          0.00000000,          0.00000000,          0.00000000,          0.00000000,
          5.00000000,          0.29998691,          0.29998690,    2999869.15299784,    2999869.16523313,          0.00001352,          0.00000000,          0.00000021,          0.00000686,          1.00000000,          0.00000000,          0.00000005,          0.99999995,          0.00000000,          0.00000000,          0.00000000,          0.00000000,          0.00000000,          0.00000000,
          5.10000000,          0.29998665,          0.29998664,    2999866.53741219,    2999866.54965998,          0.00001379,          0.00000000,          0.00000021,          0.00000700,          1.00000000,          0.00000000,          0.00000005,          0.99999995,          0.00000000,          0.00000000,          0.00000000,          0.00000000,          0.00000000,          0.00000000,
          5.20000000,          0.29998639,          0.29998638,    2999863.92191983,    2999863.93418036,          0.00001406,          0.00000000,          0.00000021,          0.00000714,          1.00000000,          0.00000000,          0.00000006,          0.99999994,          0.00000000,          0.00000000,          0.00000000,          0.00000000,          0.00000000,          0.00000000,
          5.30000000,          0.29998613,          0.29998611,    2999861.30652125,    2999861.31879477,          0.00001433,          0.00000000,          0.00000022,          0.00000727,          1.00000000,          0.00000000,          0.00000006,          0.99999994,          0.00000000,          0.00000000,          0.00000000,          0.00000000,          0.00000000,          0.00000000,
          5.40000000,          0.29998587,          0.29998585,    2999858.69121697,    2999858.70350371,          0.00001460,          0.00000000,          0.00000022,          0.00000741,          1.00000000,          0.00000000,          0.00000006,          0.99999994,          0.00000000,          0.00000000,          0.00000000,          0.00000000,          0.00000000,          0.00000000,
          5.50000000,          0.29998561,          0.29998559,    2999856.07600747,    2999856.08830769,          0.00001487,          0.00000000,          0.00000023,          0.00000755,          1.00000000,          0.00000000,          0.00000006,          0.99999994,          0.00000000,          0.00000000,          0.00000000,          0.00000000,          0.00000000,          0.00000000,
          5.60000000,          0.29998535,          0.29998533,    2999853.46089326,    2999853.47320720,          0.00001513,          0.00000000,          0.00000023,          0.00000769,          1.00000000,          0.00000000,          0.00000007,          0.99999993,          0.00000000,          0.00000000,          0.00000000,          0.00000000,          0.00000000,          0.00000000,
          5.70000000,          0.29998508,          0.29998506,    2999850.84587484,    2999850.85820274,          0.00001540,          0.00000000,          0.00000024,          0.00000782,          1.00000000,          0.00000000,          0.00000007,          0.99999993,          0.00000000,          0.00000000,          0.00000000,          0.00000000,          0.00000000,          0.00000000,
          5.80000000,          0.29998482,          0.29998480,    2999848.23095271,    2999848.24329482,          0.00001567,          0.00000000,          0.00000024,          0.00000796,          1.00000000,          0.00000000,          0.00000007,          0.99999993,          0.00000000,          0.00000000,          0.00000000,          0.00000000,          0.00000000,          0.00000000,
          5.90000000,          0.29998456,          0.29998454,    2999845.61612736,    2999845.62848393,          0.00001594,          0.00000000,          0.00000025,          0.00000810,          1.00000000,          0.00000000,          0.00000007,          0.99999993,          0.00000000,          0.00000000,          0.00000000,          0.00000000,          0.00000000,          0.00000000,
          6.00000000,          0.29998430,          0.29998428,    2999843.00139930,    2999843.01377057,          0.00001621,          0.00000000,          0.00000025,          0.00000823,          1.00000000,          0.00000000,          0.00000008,          0.99999992,          0.00000000,          0.00000000,          0.00000000,          0.00000000,          0.00000000,          0.00000000,
          6.10000000,          0.29998404,          0.29998402,    2999840.38676901,    2999840.39915526,          0.00001648,          0.00000000,          0.00000026,          0.00000837,          1.00000000,          0.00000000,          0.00000008,          0.99999992,          0.00000000,          0.00000000,          0.00000000,          0.00000000,          0.00000000,          0.00000000,
          6.20000000,          0.29998378,          0.29998375,    2999837.77223701,    2999837.78463847,          0.00001675,          0.00000000,          0.00000026,          0.00000851,          1.00000000,          0.00000000,          0.00000008,          0.99999992,          0.00000000,          0.00000000,          0.00000000,          0.00000000,          0.00000000,          0.00000000,
          6.30000000,          0.29998352,          0.29998349,    2999835.15780379,    2999835.17022072,          0.00001702,          0.00000000,          0.00000027,          0.00000865,          1.00000000,          0.00000000,          0.00000009,          0.99999991,          0.00000000,          0.00000000,          0.00000000,          0.00000000,          0.00000000,          0.00000000,
          6.40000000,          0.29998325,          0.29998323,    2999832.54346984,    2999832.55590250,          0.00001729,          0.00000000,          0.00000027,          0.00000878,          1.00000000,          0.00000000,          0.00000009,          0.99999991,          0.00000000,          0.00000000,          0.00000000,          0.00000000,          0.00000000,          0.00000000,
          6.50000000,          0.29998299,          0.29998297,    2999829.92923568,    2999829.94168431,          0.00001756,          0.00000000,          0.00000028,          0.00000892,          1.00000000,          0.00000000,          0.00000009,          0.99999991,          0.00000000,          0.00000000,          0.00000000,          0.00000000,          0.00000000,          0.00000000,
          6.60000000,          0.29998273,          0.29998270,    2999827.31510179,    2999827.32756666,          0.00001783,          0.00000000,          0.00000028,          0.00000906,          1.00000000,          0.00000000,          0.00000010,          0.99999990,          0.00000000,          0.00000000,          0.00000000,          0.00000000,          0.00000000,          0.00000000,
          6.70000000,          0.29998247,          0.29998244,    2999824.70106867,    2999824.71355004,          0.00001810,          0.00000000,          0.00000029,          0.00000919,          1.00000000,          0.00000000,          0.00000010,          0.99999990,          0.00000000,          0.00000000,          0.00000000,          0.00000000,          0.00000000,          0.00000000,
          6.80000000,          0.29998221,          0.29998218,    2999822.08713683,    2999822.09963496,          0.00001837,          0.00000000,          0.00000029,          0.00000933,          1.00000000,          0.00000000,          0.00000010,          0.99999990,          0.00000000,          0.00000000,          0.00000000,          0.00000000,          0.00000000,          0.00000000,
          6.90000000,          0.29998195,          0.29998192,    2999819.47330675,    2999819.48582190,          0.00001864,          0.00000000,          0.00000030,          0.00000947,          1.00000000,          0.00000000,          0.00000011,          0.99999989,          0.00000000,          0.00000000,          0.00000000,          0.00000000,          0.00000000,          0.00000000,
          7.00000000,          0.29998168,          0.29998165,    2999816.85957896,    2999816.87211139,          0.00001890,          0.00000000,          0.00000031,          0.00000961,          1.00000000,          0.00000000,          0.00000011,          0.99999989,          0.00000000,          0.00000000,          0.00000000,          0.00000000,          0.00000000,          0.00000000,
          7.10000000,          0.29998142,          0.29998139,    2999814.24595393,    2999814.25850391,          0.00001917,          0.00000000,          0.00000031,          0.00000974,          1.00000000,          0.00000000,          0.00000011,          0.99999989,          0.00000000,          0.00000000,          0.00000000,          0.00000000,          0.00000000,          0.00000000,
          7.20000000,          0.29998116,          0.29998113,    2999811.63243219,    2999811.64499999,          0.00001944,          0.00000000,          0.00000032,          0.00000988,          1.00000000,          0.00000000,          0.00000012,          0.99999988,          0.00000000,          0.00000000,          0.00000000,          0.00000000,          0.00000000,          0.00000000,
          7.30000000,          0.29998090,          0.29998087,    2999809.01901424,    2999809.03160011,          0.00001971,          0.00000000,          0.00000032,          0.00001002,          1.00000000,          0.00000000,          0.00000012,          0.99999988,          0.00000000,          0.00000000,          0.00000000,          0.00000000,          0.00000000,          0.00000000,
          7.40000000,          0.29998064,          0.29998060,    2999806.40570057,    2999806.41830479,          0.00001998,          0.00000000,          0.00000033,          0.00001016,          1.00000000,          0.00000000,          0.00000012,          0.99999988,          0.00000000,          0.00000000,          0.00000000,          0.00000000,          0.00000000,          0.00000000,
          7.50000000,          0.29998038,          0.29998034,    2999803.79249171,    2999803.80511454,          0.00002025,          0.00000000,          0.00000033,          0.00001029,          1.00000000,          0.00000000,          0.00000013,          0.99999987,          0.00000000,          0.00000000,          0.00000000,          0.00000000,          0.00000000,          0.00000000,
          7.60000000,          0.29998012,          0.29998008,    2999801.17938815,    2999801.19202987,          0.00002052,          0.00000000,          0.00000034,          0.00001043,          1.00000000,          0.00000000,          0.00000013,          0.99999987,          0.00000000,          0.00000000,          0.00000000,          0.00000000,          0.00000000,          0.00000000,
          7.70000000,          0.29997986,          0.29997982,    2999798.56639040,    2999798.57905128,          0.00002079,          0.00000000,          0.00000034,          0.00001057,          1.00000000,          0.00000000,          0.00000014,          0.99999986,          0.00000000,          0.00000000,          0.00000000,          0.00000000,          0.00000000,          0.00000000,
          7.80000000,          0.29997959,          0.29997955,    2999795.95349899,    2999795.96617929,          0.00002106,          0.00000000,          0.00000035,          0.00001070,          1.00000000,          0.00000000,          0.00000014,          0.99999986,          0.00000000,          0.00000000,          0.00000000,          0.00000000,          0.00000000,          0.00000000,
          7.90000000,          0.29997933,          0.29997929,    2999793.34071441,    2999793.35341442,          0.00002132,          0.00000000,          0.00000035,          0.00001084,          1.00000000,          0.00000000,          0.00000014,          0.99999986,          0.00000000,          0.00000000,          0.00000000,          0.00000000,          0.00000000,          0.00000000,
          8.00000000,          0.29997907,          0.29997903,    2999790.72803718,    2999790.74075717,          0.00002159,          0.00000000,          0.00000036,          0.00001098,          1.00000000,          0.00000000,          0.00000015,          0.99999985,          0.00000000,          0.00000000,          0.00000000,          0.00000000,          0.00000000,          0.00000000,
          8.10000000,          0.29997881,          0.29997877,    2999788.11546780,    2999788.12820805,          0.00002186,          0.00000000,          0.00000036,          0.00001112,          1.00000000,          0.00000000,          0.00000015,          0.99999985,          0.00000000,          0.00000000,          0.00000000,          0.00000000,          0.00000000,          0.00000000,
          8.20000000,          0.29997855,          0.29997850,    2999785.50300680,    2999785.51576758,          0.00002213,          0.00000000,          0.00000037,          0.00001125,          1.00000000,          0.00000000,          0.00000016,          0.99999984,          0.00000000,          0.00000000,          0.00000000,          0.00000000,          0.00000000,          0.00000000,
          8.30000000,          0.29997829,          0.29997824,    2999782.89065468,    2999782.90343627,          0.00002240,          0.00000000,          0.00000038,          0.00001139,          1.00000000,          0.00000000,          0.00000016,          0.99999984,          0.00000000,          0.00000000,          0.00000000,          0.00000000,          0.00000000,          0.00000000,
          8.40000000,          0.29997803,          0.29997798,    2999780.27841196,    2999780.29121466,          0.00002267,          0.00000000,          0.00000038,          0.00001153,          1.00000000,          0.00000000,          0.00000017,          0.99999983,          0.00000000,          0.00000000,          0.00000000,          0.00000000,          0.00000000,          0.00000000,
          8.50000000,          0.29997777,          0.29997772,    2999777.66627917,    2999777.67910326,          0.00002294,          0.00000000,          0.00000039,          0.00001166,          1.00000000,          0.00000000,          0.00000017,          0.99999983,          0.00000000,          0.00000000,          0.00000000,          0.00000000,          0.00000000,          0.00000000,
          8.60000000,          0.29997750,          0.29997745,    2999775.05425706,    2999775.06710242,          0.00002321,          0.00000000,          0.00000039,          0.00001180,          1.00000000,          0.00000000,          0.00000018,          0.99999982,          0.00000000,          0.00000000,          0.00000000,          0.00000000,          0.00000000,          0.00000000,
          8.70000000,          0.29997724,          0.29997719,    2999772.44234533,    2999772.45521274,          0.00002347,          0.00000000,          0.00000040,          0.00001194,          1.00000000,          0.00000000,          0.00000018,          0.99999982,          0.00000000,          0.00000000,          0.00000000,          0.00000000,          0.00000000,          0.00000000,
          8.80000000,          0.29997698,          0.29997693,    2999769.83054447,    2999769.84343402,          0.00002374,          0.00000000,          0.00000040,          0.00001208,          1.00000000,          0.00000000,          0.00000018,          0.99999982,          0.00000000,          0.00000000,          0.00000000,          0.00000000,          0.00000000,          0.00000000,
          8.90000000,          0.29997672,          0.29997666,    2999767.21885469,    2999767.23176665,          0.00002401,          0.00000000,          0.00000041,          0.00001221,          1.00000000,          0.00000000,          0.00000019,          0.99999981,          0.00000000,          0.00000000,          0.00000000,          0.00000000,          0.00000000,          0.00000000,
          9.00000000,          0.29997646,          0.29997640,    2999764.60727625,    2999764.62021088,          0.00002428,          0.00000000,          0.00000042,          0.00001235,          1.00000000,          0.00000000,          0.00000019,          0.99999981,          0.00000000,          0.00000000,          0.00000000,          0.00000000,          0.00000000,          0.00000000,
          9.10000000,          0.29997620,          0.29997614,    2999761.99580935,    2999762.00876693,          0.00002455,          0.00000000,          0.00000042,          0.00001249,          1.00000000,          0.00000000,          0.00000020,          0.99999980,          0.00000000,          0.00000000,          0.00000000,          0.00000000,          0.00000000,          0.00000000,
          9.20000000,          0.29997594,          0.29997588,    2999759.38445419,    2999759.39743498,          0.00002482,          0.00000000,          0.00000043,          0.00001262,          1.00000000,          0.00000000,          0.00000020,          0.99999980,          0.00000000,          0.00000000,          0.00000000,          0.00000000,          0.00000000,          0.00000000,
          9.30000000,          0.29997568,          0.29997561,    2999756.77321092,    2999756.78621520,          0.00002509,          0.00000000,          0.00000043,          0.00001276,          1.00000000,          0.00000000,          0.00000021,          0.99999979,          0.00000000,          0.00000000,          0.00000000,          0.00000000,          0.00000000,          0.00000000,
          9.40000000,          0.29997541,          0.29997535,    2999754.16207967,    2999754.17510771,          0.00002536,          0.00000000,          0.00000044,          0.00001290,          1.00000000,          0.00000000,          0.00000021,          0.99999979,          0.00000000,          0.00000000,          0.00000000,          0.00000000,          0.00000000,          0.00000000,
          9.50000000,          0.29997515,          0.29997509,    2999751.55106054,    2999751.56411261,          0.00002562,          0.00000000,          0.00000044,          0.00001304,          1.00000000,          0.00000000,          0.00000022,          0.99999978,          0.00000000,          0.00000000,          0.00000000,          0.00000000,          0.00000000,          0.00000000,
          9.60000000,          0.29997489,          0.29997483,    2999748.94015363,    2999748.95322999,          0.00002589,          0.00000000,          0.00000045,          0.00001317,          1.00000000,          0.00000000,          0.00000023,          0.99999977,          0.00000000,          0.00000000,          0.00000000,          0.00000000,          0.00000000,          0.00000000,
          9.70000000,          0.29997463,          0.29997456,    2999746.32935901,    2999746.34245994,          0.00002616,          0.00000000,          0.00000046,          0.00001331,          1.00000000,          0.00000000,          0.00000023,          0.99999977,          0.00000000,          0.00000000,          0.00000000,          0.00000000,          0.00000000,          0.00000000,
          9.80000000,          0.29997437,          0.29997430,    2999743.71867676,    2999743.73180252,          0.00002643,          0.00000000,          0.00000046,          0.00001345,          1.00000000,          0.00000000,          0.00000024,          0.99999976,          0.00000000,          0.00000000,          0.00000000,          0.00000000,          0.00000000,          0.00000000,
          9.90000000,          0.29997411,          0.29997404,    2999741.10810692,    2999741.12125777,          0.00002670,          0.00000000,          0.00000047,          0.00001358,          1.00000000,          0.00000000,          0.00000024,          0.99999976,          0.00000000,          0.00000000,          0.00000000,          0.00000000,          0.00000000,          0.00000000,
         10.00000000,          0.29997385,          0.29997377,    2999738.49764954,    2999738.51082576,          0.00002697,          0.00000000,          0.00000047,          0.00001372,          1.00000000,          0.00000000,          0.00000025,          0.99999975,          0.00000000,          0.00000000,          0.00000000,          0.00000000,          0.00000000,          0.00000000,
         10.10000000,          0.29997359,          0.29997351,    2999735.88730466,    2999735.90050652,          0.00002724,          0.00000000,          0.00000048,          0.00001386,          1.00000000,          0.00000000,          0.00000025,          0.99999975,          0.00000000,          0.00000000,          0.00000000,          0.00000000,          0.00000000,          0.00000000,
         10.20000000,          0.29997333,          0.29997325,    2999733.27707232,    2999733.29030009,          0.00002750,          0.00000000,          0.00000048,          0.00001400,          1.00000000,          0.00000000,          0.00000026,          0.99999974,          0.00000000,          0.00000000,          0.00000000,          0.00000000,          0.00000000,          0.00000000,
         10.30000000,          0.29997306,          0.29997299,    2999730.66695257,    2999730.68020650,          0.00002777,          0.00000000,          0.00000049,          0.00001413,          1.00000000,          0.00000000,          0.00000026,          0.99999974,          0.00000000,          0.00000000,          0.00000000,          0.00000000,          0.00000000,          0.00000000,
         10.40000000,          0.29997280,          0.29997272,    2999728.05694542,    2999728.07022579,          0.00002804,          0.00000000,          0.00000049,          0.00001427,          1.00000000,          0.00000000,          0.00000027,          0.99999973,          0.00000000,          0.00000000,          0.00000000,          0.00000000,          0.00000000,          0.00000000,
         10.50000000,          0.29997254,          0.29997246,    2999725.44705090,    2999725.46035798,          0.00002831,          0.00000000,          0.00000050,          0.00001441,          1.00000000,          0.00000000,          0.00000028,          0.99999972,          0.00000000,          0.00000000,          0.00000000,          0.00000000,          0.00000000,          0.00000000,
         10.60000000,          0.29997228,          0.29997220,    2999722.83726905,    2999722.85060310,          0.00002858,          0.00000000,          0.00000051,          0.00001455,          1.00000000,          0.00000000,          0.00000028,          0.99999972,          0.00000000,          0.00000000,          0.00000000,          0.00000000,          0.00000000,          0.00000000,
         10.70000000,          0.29997202,          0.29997193,    2999720.22759988,    2999720.24096117,          0.00002885,          0.00000000,          0.00000051,          0.00001468,          1.00000000,          0.00000000,          0.00000029,          0.99999971,          0.00000000,          0.00000000,          0.00000000,          0.00000000,          0.00000000,          0.00000000,
         10.80000000,          0.29997176,          0.29997167,    2999717.61804342,    2999717.63143222,          0.00002912,          0.00000000,          0.00000052,          0.00001482,          1.00000000,          0.00000000,          0.00000029,          0.99999971,          0.00000000,          0.00000000,          0.00000000,          0.00000000,          0.00000000,          0.00000000,
         10.90000000,          0.29997150,          0.29997141,    2999715.00859968,    2999715.02201626,          0.00002938,          0.00000000,          0.00000052,          0.00001496,          1.00000000,          0.00000000,          0.00000030,          0.99999970,          0.00000000,          0.00000000,          0.00000000,          0.00000000,          0.00000000,          0.00000000,
         11.00000000,          0.29997124,          0.29997115,    2999712.39926870,    2999712.41271331,          0.00002965,          0.00000000,          0.00000053,          0.00001509,          1.00000000,          0.00000000,          0.00000031,          0.99999969,          0.00000000,          0.00000000,          0.00000000,          0.00000000,          0.00000000,          0.00000000,
         11.10000000,          0.29997098,          0.29997088,    2999709.79005048,    2999709.80352340,          0.00002992,          0.00000000,          0.00000053,          0.00001523,          1.00000000,          0.00000000,          0.00000031,          0.99999969,          0.00000000,          0.00000000,          0.00000000,          0.00000000,          0.00000000,          0.00000000,
         11.20000000,          0.29997072,          0.29997062,    2999707.18094505,    2999707.19444654,          0.00003019,          0.00000000,          0.00000054,          0.00001537,          1.00000000,          0.00000000,          0.00000032,          0.99999968,          0.00000000,          0.00000000,          0.00000000,          0.00000000,          0.00000000,          0.00000000,
         11.30000000,          0.29997045,          0.29997036,    2999704.57195242,    2999704.58548276,          0.00003046,          0.00000000,          0.00000055,          0.00001551,          1.00000000,          0.00000000,          0.00000033,          0.99999967,          0.00000000,          0.00000000,          0.00000000,          0.00000000,          0.00000000,          0.00000000,
         11.40000000,          0.29997019,          0.29997009,    2999701.96307263,    2999701.97663208,          0.00003073,          0.00000000,          0.00000055,          0.00001564,          1.00000000,          0.00000000,          0.00000033,          0.99999967,          0.00000000,          0.00000000,          0.00000000,          0.00000000,          0.00000000,          0.00000000,
         11.50000000,          0.29996993,          0.29996983,    2999699.35430567,    2999699.36789450,          0.00003100,          0.00000000,          0.00000056,          0.00001578,          1.00000000,          0.00000000,          0.00000034,          0.99999966,          0.00000000,          0.00000000,          0.00000000,          0.00000000,          0.00000000,          0.00000000,
         11.60000000,          0.29996967,          0.29996957,    2999696.74565158,    2999696.75927005,          0.00003126,          0.00000000,          0.00000056,          0.00001592,          1.00000000,          0.00000000,          0.00000035,          0.99999965,          0.00000000,          0.00000000,          0.00000000,          0.00000000,          0.00000000,          0.00000000,
         11.70000000,          0.29996941,          0.29996931,    2999694.13711037,    2999694.15075875,          0.00003153,          0.00000000,          0.00000057,          0.00001605,          1.00000000,          0.00000000,          0.00000035,          0.99999965,          0.00000000,          0.00000000,          0.00000000,          0.00000000,          0.00000000,          0.00000000,
         11.80000000,          0.29996915,          0.29996904,    2999691.52868205,    2999691.54236061,          0.00003180,          0.00000000,          0.00000057,          0.00001619,          1.00000000,          0.00000000,          0.00000036,          0.99999964,          0.00000000,          0.00000000,          0.00000000,          0.00000000,          0.00000000,          0.00000000,
         11.90000000,          0.29996889,          0.29996878,    2999688.92036665,    2999688.93407565,          0.00003207,          0.00000000,          0.00000058,          0.00001633,          1.00000000,          0.00000000,          0.00000037,          0.99999963,          0.00000000,          0.00000000,          0.00000000,          0.00000000,          0.00000000,          0.00000000,
         12.00000000,          0.29996863,          0.29996852,    2999686.31216418,    2999686.32590389,          0.00003234,          0.00000000,          0.00000059,          0.00001647,          1.00000000,          0.00000000,          0.00000037,          0.99999963,          0.00000000,          0.00000000,          0.00000000,          0.00000000,          0.00000000,          0.00000000,
         12.10000000,          0.29996837,          0.29996825,    2999683.70407466,    2999683.71784535,          0.00003261,          0.00000000,          0.00000059,          0.00001660,          1.00000000,          0.00000000,          0.00000038,          0.99999962,          0.00000000,          0.00000000,          0.00000000,          0.00000000,          0.00000000,          0.00000000,
         12.20000000,          0.29996811,          0.29996799,    2999681.09609811,    2999681.10990004,          0.00003288,          0.00000000,          0.00000060,          0.00001674,          1.00000000,          0.00000000,          0.00000039,          0.99999961,          0.00000000,          0.00000000,          0.00000000,          0.00000000,          0.00000000,          0.00000000,
         12.30000000,          0.29996785,          0.29996773,    2999678.48823455,    2999678.50206799,          0.00003314,          0.00000000,          0.00000060,          0.00001688,          1.00000000,          0.00000000,          0.00000040,          0.99999960,          0.00000000,          0.00000000,          0.00000000,          0.00000000,          0.00000000,          0.00000000,
         12.40000000,          0.29996758,          0.29996746,    2999675.88048398,    2999675.89434920,          0.00003341,          0.00000000,          0.00000061,          0.00001701,          1.00000000,          0.00000000,          0.00000040,          0.99999960,          0.00000000,          0.00000000,          0.00000000,          0.00000000,          0.00000000,          0.00000000,
         12.50000000,          0.29996732,          0.29996720,    2999673.27284644,    2999673.28674370,          0.00003368,          0.00000000,          0.00000061,          0.00001715,          1.00000000,          0.00000000,          0.00000041,          0.99999959,          0.00000000,          0.00000000,          0.00000000,          0.00000000,          0.00000000,          0.00000000,
         12.60000000,          0.29996706,          0.29996694,    2999670.66532194,    2999670.67925151,          0.00003395,          0.00000000,          0.00000062,          0.00001729,          1.00000000,          0.00000000,          0.00000042,          0.99999958,          0.00000000,          0.00000000,          0.00000000,          0.00000000,          0.00000000,          0.00000000,
         12.70000000,          0.29996680,          0.29996668,    2999668.05791049,    2999668.07187264,          0.00003422,          0.00000000,          0.00000062,          0.00001743,          1.00000000,          0.00000000,          0.00000043,          0.99999957,          0.00000000,          0.00000000,          0.00000000,          0.00000000,          0.00000000,          0.00000000,
         12.80000000,          0.29996654,          0.29996641,    2999665.45061212,    2999665.46460711,          0.00003449,          0.00000000,          0.00000063,          0.00001756,          1.00000000,          0.00000000,          0.00000043,          0.99999957,          0.00000000,          0.00000000,          0.00000000,          0.00000000,          0.00000000,          0.00000000,
         12.90000000,          0.29996628,          0.29996615,    2999662.84342684,    2999662.85745494,          0.00003476,          0.00000000,          0.00000064,          0.00001770,          1.00000000,          0.00000000,          0.00000044,          0.99999956,          0.00000000,          0.00000000,          0.00000000,          0.00000000,          0.00000000,          0.00000000,
         13.00000000,          0.29996602,          0.29996589,    2999660.23635467,    2999660.25041615,          0.00003502,          0.00000000,          0.00000064,          0.00001784,          1.00000000,          0.00000000,          0.00000045,          0.99999955,          0.00000000,          0.00000000,          0.00000000,          0.00000000,          0.00000000,          0.00000000,
         13.10000000,          0.29996576,          0.29996562,    2999657.62939562,    2999657.64349075,          0.00003529,          0.00000000,          0.00000065,          0.00001797,          1.00000000,          0.00000000,          0.00000046,          0.99999954,          0.00000000,          0.00000000,          0.00000000,          0.00000000,          0.00000000,          0.00000000,
         13.20000000,          0.29996550,          0.29996536,    2999655.02254973,    2999655.03667877,          0.00003556,          0.00000000,          0.00000065,          0.00001811,          1.00000000,          0.00000000,          0.00000046,          0.99999954,          0.00000000,          0.00000000,          0.00000000,          0.00000000,          0.00000000,          0.00000000,
         13.30000000,          0.29996524,          0.29996510,    2999652.41581700,    2999652.42998022,          0.00003583,          0.00000000,          0.00000066,          0.00001825,          1.00000000,          0.00000000,          0.00000047,          0.99999953,          0.00000000,          0.00000000,          0.00000000,          0.00000000,          0.00000000,          0.00000000,
         13.40000000,          0.29996498,          0.29996483,    2999649.80919745,    2999649.82339512,          0.00003610,          0.00000000,          0.00000066,          0.00001839,          1.00000000,          0.00000000,          0.00000048,          0.99999952,          0.00000000,          0.00000000,          0.00000000,          0.00000000,          0.00000000,          0.00000000,
         13.50000000,          0.29996472,          0.29996457,    2999647.20269111,    2999647.21692348,          0.00003637,          0.00000000,          0.00000067,          0.00001852,          1.00000000,          0.00000000,          0.00000049,          0.99999951,          0.00000000,          0.00000000,          0.00000000,          0.00000000,          0.00000000,          0.00000000,
         13.60000000,          0.29996445,          0.29996431,    2999644.59629798,    2999644.61056533,          0.00003664,          0.00000000,          0.00000068,          0.00001866,          1.00000000,          0.00000000,          0.00000050,          0.99999950,          0.00000000,          0.00000000,          0.00000000,          0.00000000,          0.00000000,          0.00000000,
         13.70000000,          0.29996419,          0.29996404,    2999641.99001809,    2999642.00432069,          0.00003690,          0.00000000,          0.00000068,          0.00001880,          1.00000000,          0.00000000,          0.00000051,          0.99999949,          0.00000000,          0.00000000,          0.00000000,          0.00000000,          0.00000000,          0.00000000,
         13.80000000,          0.29996393,          0.29996378,    2999639.38385146,    2999639.39818957,          0.00003717,          0.00000000,          0.00000069,          0.00001893,          1.00000000,          0.00000000,          0.00000051,          0.99999949,          0.00000000,          0.00000000,          0.00000000,          0.00000000,          0.00000000,          0.00000000,
         13.90000000,          0.29996367,          0.29996352,    2999636.77779810,    2999636.79217199,          0.00003744,          0.00000000,          0.00000069,          0.00001907,          1.00000000,          0.00000000,          0.00000052,          0.99999948,          0.00000000,          0.00000000,          0.00000000,          0.00000000,          0.00000000,          0.00000000,
         14.00000000,          0.29996341,          0.29996325,    2999634.17185804,    2999634.18626797,          0.00003771,          0.00000000,          0.00000070,          0.00001921,          1.00000000,          0.00000000,          0.00000053,          0.99999947,          0.00000000,          0.00000000,          0.00000000,          0.00000000,          0.00000000,          0.00000000,
         14.10000000,          0.29996315,          0.29996299,    2999631.56603129,    2999631.58047753,          0.00003798,          0.00000000,          0.00000070,          0.00001935,          1.00000000,          0.00000000,          0.00000054,          0.99999946,          0.00000000,          0.00000000,          0.00000000,          0.00000000,          0.00000000,          0.00000000,
         14.20000000,          0.29996289,          0.29996273,    2999628.96031788,    2999628.97480070,          0.00003825,          0.00000000,          0.00000071,          0.00001948,          1.00000000,          0.00000000,          0.00000055,          0.99999945,          0.00000000,          0.00000000,          0.00000000,          0.00000000,          0.00000000,          0.00000000,
         14.30000000,          0.29996263,          0.29996247,    2999626.35471782,    2999626.36923748,          0.00003851,          0.00000000,          0.00000072,          0.00001962,          1.00000000,          0.00000000,          0.00000056,          0.99999944,          0.00000000,          0.00000000,          0.00000000,          0.00000000,          0.00000000,          0.00000000,
         14.40000000,          0.29996237,          0.29996220,    2999623.74923113,    2999623.76378791,          0.00003878,          0.00000000,          0.00000072,          0.00001976,          1.00000000,          0.00000000,          0.00000056,          0.99999944,          0.00000000,          0.00000000,          0.00000000,          0.00000000,          0.00000000,          0.00000000,
         14.50000000,          0.29996211,          0.29996194,    2999621.14385784,    2999621.15845199,          0.00003905,          0.00000000,          0.00000073,          0.00001989,          1.00000000,          0.00000000,          0.00000057,          0.99999943,          0.00000000,          0.00000000,          0.00000000,          0.00000000,          0.00000000,          0.00000000,
         14.60000000,          0.29996185,          0.29996168,    2999618.53859795,    2999618.55322975,          0.00003932,          0.00000000,          0.00000073,          0.00002003,          1.00000000,          0.00000000,          0.00000058,          0.99999942,          0.00000000,          0.00000000,          0.00000000,          0.00000000,          0.00000000,          0.00000000,
         14.70000000,          0.29996159,          0.29996141,    2999615.93345149,    2999615.94812120,          0.00003959,          0.00000000,          0.00000074,          0.00002017,          1.00000000,          0.00000000,          0.00000059,          0.99999941,          0.00000000,          0.00000000,          0.00000000,          0.00000000,          0.00000000,          0.00000000,
         14.80000000,          0.29996133,          0.29996115,    2999613.32841849,    2999613.34312637,          0.00003986,          0.00000000,          0.00000074,          0.00002031,          1.00000000,          0.00000000,          0.00000060,          0.99999940,          0.00000000,          0.00000000,          0.00000000,          0.00000000,          0.00000000,          0.00000000,
         14.90000000,          0.29996107,          0.29996089,    2999610.72349895,    2999610.73824528,          0.00004013,          0.00000000,          0.00000075,          0.00002044,          1.00000000,          0.00000000,          0.00000061,          0.99999939,          0.00000000,          0.00000000,          0.00000000,          0.00000000,          0.00000000,          0.00000000,
         15.00000000,          0.29996081,          0.29996062,    2999608.11869291,    2999608.13347795,          0.00004039,          0.00000000,          0.00000076,          0.00002058,          1.00000000,          0.00000000,          0.00000062,          0.99999938,          0.00000000,          0.00000000,          0.00000000,          0.00000000,          0.00000000,          0.00000000,
         15.10000000,          0.29996055,          0.29996036,    2999605.51400038,    2999605.52882439,          0.00004066,          0.00000000,          0.00000076,          0.00002072,          1.00000000,          0.00000000,          0.00000063,          0.99999937,          0.00000000,          0.00000000,          0.00000000,          0.00000000,          0.00000000,          0.00000000,
         15.20000000,          0.29996028,          0.29996010,    2999602.90942137,    2999602.92428464,          0.00004093,          0.00000000,          0.00000077,          0.00002085,          1.00000000,          0.00000000,          0.00000064,          0.99999936,          0.00000000,          0.00000000,          0.00000000,          0.00000000,          0.00000000,          0.00000000,
         15.30000000,          0.29996002,          0.29995983,    2999600.30495593,    2999600.31985870,          0.00004120,          0.00000001,          0.00000077,          0.00002099,          1.00000000,          0.00000000,          0.00000065,          0.99999935,          0.00000000,          0.00000000,          0.00000000,          0.00000000,          0.00000000,          0.00000000,
         15.40000000,          0.29995976,          0.29995957,    2999597.70060405,    2999597.71554660,          0.00004147,          0.00000001,          0.00000078,          0.00002113,          1.00000000,          0.00000000,          0.00000066,          0.99999934,          0.00000000,          0.00000000,          0.00000000,          0.00000000,          0.00000000,          0.00000000,
         15.50000000,          0.29995950,          0.29995931,    2999595.09636577,    2999595.11134836,          0.00004174,          0.00000001,          0.00000078,          0.00002127,          1.00000000,          0.00000000,          0.00000067,          0.99999933,          0.00000000,          0.00000000,          0.00000000,          0.00000000,          0.00000000,          0.00000000,
         15.60000000,          0.29995924,          0.29995904,    2999592.49224110,    2999592.50726400,          0.00004200,          0.00000001,          0.00000079,          0.00002140,          1.00000000,          0.00000000,          0.00000068,          0.99999932,          0.00000000,          0.00000000,          0.00000000,          0.00000000,          0.00000000,          0.00000000,
         15.70000000,          0.29995898,          0.29995878,    2999589.88823007,    2999589.90329355,          0.00004227,          0.00000001,          0.00000079,          0.00002154,          1.00000000,          0.00000000,          0.00000069,          0.99999931,          0.00000000,          0.00000000,          0.00000000,          0.00000000,          0.00000000,          0.00000000,
         15.80000000,          0.29995872,          0.29995852,    2999587.28433269,    2999587.29943701,          0.00004254,          0.00000001,          0.00000080,          0.00002168,          1.00000000,          0.00000000,          0.00000070,          0.99999930,          0.00000000,          0.00000000,          0.00000000,          0.00000000,          0.00000000,          0.00000000,
         15.90000000,          0.29995846,          0.29995825,    2999584.68054899,    2999584.69569442,          0.00004281,          0.00000001,          0.00000081,          0.00002181,          1.00000000,          0.00000000,          0.00000070,          0.99999930,          0.00000000,          0.00000000,          0.00000000,          0.00000000,          0.00000000,          0.00000000,
         16.00000000,          0.29995820,          0.29995799,    2999582.07687899,    2999582.09206580,          0.00004308,          0.00000001,          0.00000081,          0.00002195,          1.00000000,          0.00000000,          0.00000071,          0.99999929,          0.00000000,          0.00000000,          0.00000000,          0.00000000,          0.00000000,          0.00000000,
         16.10000000,          0.29995794,          0.29995773,    2999579.47332271,    2999579.48855117,          0.00004335,          0.00000001,          0.00000082,          0.00002209,          1.00000000,          0.00000000,          0.00000072,          0.99999928,          0.00000000,          0.00000000,          0.00000000,          0.00000000,          0.00000000,          0.00000000,
         16.20000000,          0.29995768,          0.29995746,    2999576.86988018,    2999576.88515054,          0.00004362,          0.00000001,          0.00000082,          0.00002223,          1.00000000,          0.00000000,          0.00000073,          0.99999927,          0.00000000,          0.00000000,          0.00000000,          0.00000000,          0.00000000,          0.00000000,
         16.30000000,          0.29995742,          0.29995720,    2999574.26655141,    2999574.28186395,          0.00004388,          0.00000001,          0.00000083,          0.00002236,          1.00000000,          0.00000000,          0.00000074,          0.99999926,          0.00000000,          0.00000000,          0.00000000,          0.00000000,          0.00000000,          0.00000000,
         16.40000000,          0.29995716,          0.29995693,    2999571.66333643,    2999571.67869141,          0.00004415,          0.00000001,          0.00000083,          0.00002250,          1.00000000,          0.00000000,          0.00000076,          0.99999924,          0.00000000,          0.00000000,          0.00000000,          0.00000000,          0.00000000,          0.00000000,
         16.50000000,          0.29995690,          0.29995667,    2999569.06023525,    2999569.07563295,          0.00004442,          0.00000001,          0.00000084,          0.00002264,          1.00000000,          0.00000000,          0.00000077,          0.99999923,          0.00000000,          0.00000000,          0.00000000,          0.00000000,          0.00000000,          0.00000000,
         16.60000000,          0.29995664,          0.29995641,    2999566.45724791,    2999566.47268857,          0.00004469,          0.00000001,          0.00000085,          0.00002277,          1.00000000,          0.00000000,          0.00000078,          0.99999922,          0.00000000,          0.00000000,          0.00000000,          0.00000000,          0.00000000,          0.00000000,
         16.70000000,          0.29995638,          0.29995614,    2999563.85437440,    2999563.86985831,          0.00004496,          0.00000001,          0.00000085,          0.00002291,          1.00000000,          0.00000000,          0.00000079,          0.99999921,          0.00000000,          0.00000000,          0.00000000,          0.00000000,          0.00000000,          0.00000000,
         16.80000000,          0.29995612,          0.29995588,    2999561.25161476,    2999561.26714217,          0.00004523,          0.00000001,          0.00000086,          0.00002305,          1.00000000,          0.00000000,          0.00000080,          0.99999920,          0.00000000,          0.00000000,          0.00000000,          0.00000000,          0.00000000,          0.00000000,
         16.90000000,          0.29995586,          0.29995562,    2999558.64896898,    2999558.66454018,          0.00004549,          0.00000001,          0.00000086,          0.00002319,          1.00000000,          0.00000000,          0.00000081,          0.99999919,          0.00000000,          0.00000000,          0.00000000,          0.00000000,          0.00000000,          0.00000000,
         17.00000000,          0.29995560,          0.29995535,    2999556.04643710,    2999556.06205233,          0.00004576,          0.00000001,          0.00000087,          0.00002332,          1.00000000,          0.00000000,          0.00000082,          0.99999918,          0.00000000,          0.00000000,          0.00000000,          0.00000000,          0.00000000,          0.00000000,
         17.10000000,          0.29995534,          0.29995509,    2999553.44401912,    2999553.45967866,          0.00004603,          0.00000001,          0.00000087,          0.00002346,          1.00000000,          0.00000000,          0.00000083,          0.99999917,          0.00000000,          0.00000000,          0.00000000,          0.00000000,          0.00000000,          0.00000000,
         17.20000000,          0.29995508,          0.29995483,    2999550.84171506,    2999550.85741917,          0.00004630,          0.00000001,          0.00000088,          0.00002360,          1.00000000,          0.00000000,          0.00000084,          0.99999916,          0.00000000,          0.00000000,          0.00000000,          0.00000000,          0.00000000,          0.00000000,
         17.30000000,          0.29995482,          0.29995456,    2999548.23952492,    2999548.25527387,          0.00004657,          0.00000001,          0.00000089,          0.00002373,          1.00000000,          0.00000000,          0.00000085,          0.99999915,          0.00000000,          0.00000000,          0.00000000,          0.00000000,          0.00000000,          0.00000000,
         17.40000000,          0.29995456,          0.29995430,    2999545.63744873,    2999545.65324278,          0.00004684,          0.00000001,          0.00000089,          0.00002387,          1.00000000,          0.00000000,          0.00000086,          0.99999914,          0.00000000,          0.00000000,          0.00000000,          0.00000000,          0.00000000,          0.00000000,
         17.50000000,          0.29995430,          0.29995404,    2999543.03548649,    2999543.05132591,          0.00004710,          0.00000001,          0.00000090,          0.00002401,          1.00000000,          0.00000000,          0.00000087,          0.99999913,          0.00000000,          0.00000000,          0.00000000,          0.00000000,          0.00000000,          0.00000000,
         17.60000000,          0.29995404,          0.29995377,    2999540.43363822,    2999540.44952328,          0.00004737,          0.00000001,          0.00000090,          0.00002415,          1.00000000,          0.00000000,          0.00000088,          0.99999912,          0.00000000,          0.00000000,          0.00000000,          0.00000000,          0.00000000,          0.00000000,
         17.70000000,          0.29995377,          0.29995351,    2999537.83190392,    2999537.84783488,          0.00004764,          0.00000001,          0.00000091,          0.00002428,          1.00000000,          0.00000000,          0.00000089,          0.99999911,          0.00000000,          0.00000000,          0.00000000,          0.00000000,          0.00000000,          0.00000000,
         17.80000000,          0.29995351,          0.29995325,    2999535.23028361,    2999535.24626074,          0.00004791,          0.00000001,          0.00000091,          0.00002442,          1.00000000,          0.00000000,          0.00000091,          0.99999909,          0.00000000,          0.00000000,          0.00000000,          0.00000000,          0.00000000,          0.00000000,
         17.90000000,          0.29995325,          0.29995298,    2999532.62877731,    2999532.64480087,          0.00004818,          0.00000001,          0.00000092,          0.00002456,          1.00000000,          0.00000000,          0.00000092,          0.99999908,          0.00000000,          0.00000000,          0.00000000,          0.00000000,          0.00000000,          0.00000000,
         18.00000000,          0.29995299,          0.29995272,    2999530.02738501,    2999530.04345528,          0.00004845,          0.00000001,          0.00000093,          0.00002469,          1.00000000,          0.00000000,          0.00000093,          0.99999907,          0.00000000,          0.00000000,          0.00000000,          0.00000000,          0.00000000,          0.00000000,
         18.10000000,          0.29995273,          0.29995245,    2999527.42610674,    2999527.44222397,          0.00004872,          0.00000001,          0.00000093,          0.00002483,          1.00000000,          0.00000000,          0.00000094,          0.99999906,          0.00000000,          0.00000000,          0.00000000,          0.00000000,          0.00000000,          0.00000000,
         18.20000000,          0.29995247,          0.29995219,    2999524.82494251,    2999524.84110697,          0.00004898,          0.00000001,          0.00000094,          0.00002497,          1.00000000,          0.00000000,          0.00000095,          0.99999905,          0.00000000,          0.00000000,          0.00000000,          0.00000000,          0.00000000,          0.00000000,
         18.30000000,          0.29995221,          0.29995193,    2999522.22389233,    2999522.24010429,          0.00004925,          0.00000001,          0.00000094,          0.00002511,          1.00000000,          0.00000000,          0.00000096,          0.99999904,          0.00000000,          0.00000000,          0.00000000,          0.00000000,          0.00000000,          0.00000000,
         18.40000000,          0.29995195,          0.29995166,    2999519.62295620,    2999519.63921592,          0.00004952,          0.00000001,          0.00000095,          0.00002524,          1.00000000,          0.00000000,          0.00000097,          0.99999903,          0.00000000,          0.00000000,          0.00000000,          0.00000000,          0.00000000,          0.00000000,
         18.50000000,          0.29995169,          0.29995140,    2999517.02213415,    2999517.03844190,          0.00004979,          0.00000001,          0.00000095,          0.00002538,          1.00000000,          0.00000000,          0.00000099,          0.99999901,          0.00000000,          0.00000000,          0.00000000,          0.00000000,          0.00000000,          0.00000000,
         18.60000000,          0.29995143,          0.29995114,    2999514.42142618,    2999514.43778222,          0.00005006,          0.00000001,          0.00000096,          0.00002552,          1.00000000,          0.00000000,          0.00000100,          0.99999900,          0.00000000,          0.00000000,          0.00000000,          0.00000000,          0.00000000,          0.00000000,
         18.70000000,          0.29995117,          0.29995087,    2999511.82083230,    2999511.83723691,          0.00005033,          0.00000001,          0.00000097,          0.00002565,          1.00000000,          0.00000000,          0.00000101,          0.99999899,          0.00000000,          0.00000000,          0.00000000,          0.00000000,          0.00000000,          0.00000000,
         18.80000000,          0.29995091,          0.29995061,    2999509.22035253,    2999509.23680596,          0.00005059,          0.00000001,          0.00000097,          0.00002579,          1.00000000,          0.00000000,          0.00000102,          0.99999898,          0.00000000,          0.00000000,          0.00000000,          0.00000000,          0.00000000,          0.00000000,
         18.90000000,          0.29995065,          0.29995035,    2999506.61998687,    2999506.63648939,          0.00005086,          0.00000001,          0.00000098,          0.00002593,          1.00000000,          0.00000000,          0.00000103,          0.99999897,          0.00000000,          0.00000000,          0.00000000,          0.00000000,          0.00000000,          0.00000000,
         19.00000000,          0.29995039,          0.29995008,    2999504.01973534,    2999504.03628722,          0.00005113,          0.00000001,          0.00000098,          0.00002606,          1.00000000,          0.00000000,          0.00000105,          0.99999895,          0.00000000,          0.00000000,          0.00000000,          0.00000000,          0.00000000,          0.00000000,
         19.10000000,          0.29995013,          0.29994982,    2999501.41959795,    2999501.43619945,          0.00005140,          0.00000001,          0.00000099,          0.00002620,          1.00000000,          0.00000000,          0.00000106,          0.99999894,          0.00000000,          0.00000000,          0.00000000,          0.00000000,          0.00000000,          0.00000000,
         19.20000000,          0.29994987,          0.29994955,    2999498.81957472,    2999498.83622610,          0.00005167,          0.00000001,          0.00000099,          0.00002634,          1.00000000,          0.00000000,          0.00000107,          0.99999893,          0.00000000,          0.00000000,          0.00000000,          0.00000000,          0.00000000,          0.00000000,
         19.30000000,          0.29994961,          0.29994929,    2999496.21966564,    2999496.23636718,          0.00005194,          0.00000001,          0.00000100,          0.00002648,          1.00000000,          0.00000000,          0.00000108,          0.99999892,          0.00000000,          0.00000000,          0.00000000,          0.00000000,          0.00000000,          0.00000000,
         19.40000000,          0.29994935,          0.29994903,    2999493.61987074,    2999493.63662270,          0.00005220,          0.00000001,          0.00000101,          0.00002661,          1.00000000,          0.00000000,          0.00000109,          0.99999891,          0.00000000,          0.00000000,          0.00000000,          0.00000000,          0.00000000,          0.00000000,
         19.50000000,          0.29994909,          0.29994876,    2999491.02019002,    2999491.03699267,          0.00005247,          0.00000001,          0.00000101,          0.00002675,          1.00000000,          0.00000000,          0.00000111,          0.99999889,          0.00000000,          0.00000000,          0.00000000,          0.00000000,          0.00000000,          0.00000000,
         19.60000000,          0.29994883,          0.29994850,    2999488.42062350,    2999488.43747710,          0.00005274,          0.00000001,          0.00000102,          0.00002689,          1.00000000,          0.00000000,          0.00000112,          0.99999888,          0.00000000,          0.00000000,          0.00000000,          0.00000000,          0.00000000,          0.00000000,
         19.70000000,          0.29994857,          0.29994824,    2999485.82117119,    2999485.83807600,          0.00005301,          0.00000001,          0.00000102,          0.00002702,          1.00000000,          0.00000000,          0.00000113,          0.99999887,          0.00000000,          0.00000000,          0.00000000,          0.00000000,          0.00000000,          0.00000000,
         19.80000000,          0.29994831,          0.29994797,    2999483.22183310,    2999483.23878939,          0.00005328,          0.00000001,          0.00000103,          0.00002716,          1.00000000,          0.00000000,          0.00000114,          0.99999886,          0.00000000,          0.00000000,          0.00000000,          0.00000000,          0.00000000,          0.00000000,
         19.90000000,          0.29994805,          0.29994771,    2999480.62260924,    2999480.63961727,          0.00005355,          0.00000001,          0.00000103,          0.00002730,          1.00000000,          0.00000000,          0.00000116,          0.99999884,          0.00000000,          0.00000000,          0.00000000,          0.00000000,          0.00000000,          0.00000000,
         20.00000000,          0.29994779,          0.29994744,    2999478.02349962,    2999478.04055967,          0.00005381,          0.00000001,          0.00000104,          0.00002744,          1.00000000,          0.00000000,          0.00000117,          0.99999883,          0.00000000,          0.00000000,          0.00000000,          0.00000000,          0.00000000,          0.00000000,
