       Time,    ec 1-1n, ec 1-1n-h2, ec 1-1n-o2,    ec 1-2n, ec 1-2n-h2, ec 1-2n-o2,      cs 1n,   cs 1n-h2,   cs 1n-o2,   cs 1-l_g,     cs 2-p,      cs 2n,   cs 2n-h2,   cs 2n-o2,      as 1n,   as 1n-h2,   as 1n-o2,   as 1-l_g,     as 2-p,      as 2n,   as 2n-h2,   as 2n-o2,      bp 1n,   bp 1n-h2,   bp 1n-o2,
          5.00000000,         19.47393040,         -0.00015906,         -0.00049919,         19.58654719,          0.00000000,          0.00008687,        358.92524562,          0.00000225,          0.00000337,          0.29999905,     101000.00000000,          0.25476635,          0.25376266,          0.00074975,        358.81366979,          0.00000000,          0.00000000,          0.30000008,     101000.00000000,          0.25394000,          0.00025394,          0.25343212,          0.08200000,          0.00000000,          0.00000000,
         10.00000000,         19.25939882,          0.00001467,         -0.00049919,         19.47859993,          0.00000000,          0.00017373,        359.13969004,          0.00000002,          0.00000002,          0.29999884,     101000.00000000,          0.25477194,          0.25376489,          0.00075310,        358.92222750,          0.00000000,          0.00000000,          0.30000029,     101000.00000000,          0.25394000,          0.00025394,          0.25343212,          0.08200000,          0.00000000,          0.00000000,
         15.00000000,         19.05581618,          0.00018840,         -0.00049919,         19.37588961,          0.00000000,          0.00026060,        359.34296425,          0.00000000,          0.00000000,          0.29999863,     101000.00000000,          0.25477197,          0.25376491,          0.00075312,        359.02577234,          0.00000000,          0.00000000,          0.30000050,     101000.00000000,          0.25394000,          0.00025394,          0.25343212,          0.08200000,          0.00000000,          0.00000000,
         20.00000000,         18.86262348,          0.00036213,         -0.00049919,         19.27816061,          0.00000000,          0.00034746,        359.53563359,          0.00000000,          0.00000000,          0.29999842,     101000.00000000,          0.25477197,          0.25376491,          0.00075312,        359.12454696,          0.00000000,         -0.00000000,          0.30000070,     101000.00000000,          0.25394000,          0.00025394,          0.25343212,          0.08200000,          0.00000000,          0.00000000,
         25.00000000,         18.67929022,          0.00053587,         -0.00049919,         19.18516979,          0.00000000,          0.00043433,        359.71823970,          0.00000000,          0.00000000,          0.29999821,     101000.00000000,          0.25477197,          0.25376491,          0.00075312,        359.21878216,          0.00000000,         -0.00000000,          0.30000091,     101000.00000000,          0.25394000,          0.00025394,          0.25343212,          0.08200000,          0.00000000,          0.00000000,
         30.00000000,         18.50531300,          0.00070960,         -0.00049919,         19.09668597,          0.00000000,          0.00052119,        359.89129663,         -0.00000000,          0.00000000,          0.29999800,     101000.00000000,          0.25477197,          0.25376491,          0.00075312,        359.30869746,          0.00000000,         -0.00000000,          0.30000112,     101000.00000000,          0.25394000,          0.00025394,          0.25343212,          0.08200000,          0.00000000,          0.00000000,
         35.00000000,         18.34021412,          0.00088333,         -0.00049919,         19.01248927,          0.00000000,          0.00060806,        360.05529215,         -0.00000000,          0.00000000,          0.29999779,     101000.00000000,          0.25477197,          0.25376491,          0.00075312,        359.39450171,          0.00000000,         -0.00000000,          0.30000133,     101000.00000000,          0.25394000,          0.00025394,          0.25343212,          0.08200000,          0.00000000,          0.00000000,
         40.00000000,         18.18354029,          0.00105706,         -0.00049919,         18.93237060,          0.00000000,          0.00069492,        360.21068916,         -0.00000000,          0.00000000,          0.29999759,     101000.00000000,          0.25477197,          0.25376491,          0.00075312,        359.47639354,          0.00000000,         -0.00000000,          0.30000154,     101000.00000000,          0.25394000,          0.00025394,          0.25343212,          0.08200000,          0.00000000,          0.00000000,
         45.00000000,         18.03486133,          0.00123079,         -0.00049919,         18.85613109,          0.00000000,          0.00078179,        360.35792690,         -0.00000000,          0.00000000,          0.29999738,     101000.00000000,          0.25477197,          0.25376491,          0.00075312,        359.55456192,          0.00000000,         -0.00000000,          0.30000175,     101000.00000000,          0.25394000,          0.00025394,          0.25343212,          0.08200000,          0.00000000,          0.00000000,
         50.00000000,         17.89376906,          0.00140452,         -0.00049919,         18.78358163,          0.00000000,          0.00086866,        360.49742219,         -0.00000000,          0.00000000,          0.29999717,     101000.00000000,          0.25477197,          0.25376491,          0.00075312,        359.62918660,          0.00000000,         -0.00000000,          0.30000196,     101000.00000000,          0.25394000,          0.00025394,          0.25343212,          0.08200000,          0.00000000,          0.00000000,
         55.00000000,         17.75987611,          0.00157825,         -0.00049919,         18.71454237,          0.00000000,          0.00095552,        360.62957057,         -0.00000000,          0.00000000,          0.29999696,     101000.00000000,          0.25477197,          0.25376491,          0.00075312,        359.70043859,          0.00000000,         -0.00000000,          0.30000217,     101000.00000000,          0.25394000,          0.00025394,          0.25343212,          0.08200000,          0.00000000,          0.00000000,
         60.00000000,         17.63281491,          0.00175198,         -0.00049919,         18.64884224,          0.00000000,          0.00104239,        360.75474739,         -0.00000000,          0.00000000,          0.29999675,     101000.00000000,          0.25477197,          0.25376491,          0.00075312,        359.76848054,          0.00000000,         -0.00000000,          0.30000237,     101000.00000000,          0.25394000,          0.00025394,          0.25343212,          0.08200000,          0.00000000,          0.00000000,
         65.00000000,         17.51223664,          0.00192571,         -0.00049919,         18.58631856,          0.00000000,          0.00112925,        360.87330882,         -0.00000000,          0.00000000,          0.29999654,     101000.00000000,          0.25477197,          0.25376491,          0.00075312,        359.83346720,          0.00000000,         -0.00000000,          0.30000258,     101000.00000000,          0.25394000,          0.00025394,          0.25343212,          0.08200000,          0.00000000,          0.00000000,
         70.00000000,         17.39781030,          0.00209944,         -0.00049919,         18.52681660,          0.00000000,          0.00121612,        360.98559286,         -0.00000000,          0.00000000,          0.29999633,     101000.00000000,          0.25477197,          0.25376491,          0.00075312,        359.89554578,          0.00000000,         -0.00000000,          0.30000279,     101000.00000000,          0.25394000,          0.00025394,          0.25343212,          0.08200000,          0.00000000,          0.00000000,
         75.00000000,         17.28922180,          0.00227318,         -0.00049919,         18.47018922,          0.00000000,          0.00130298,        361.09192025,         -0.00000000,          0.00000000,          0.29999613,     101000.00000000,          0.25477197,          0.25376491,          0.00075312,        359.95485632,          0.00000000,         -0.00000000,          0.30000300,     101000.00000000,          0.25394000,          0.00025394,          0.25343212,          0.08200000,          0.00000000,          0.00000000,
         80.00000000,         17.18617307,          0.00244691,         -0.00049919,         18.41629646,          0.00000000,          0.00138985,        361.19259533,         -0.00000000,          0.00000000,          0.29999592,     101000.00000000,          0.25477197,          0.25376491,          0.00075312,        360.01153205,          0.00000000,         -0.00000000,          0.30000321,     101000.00000000,          0.25394000,          0.00025394,          0.25343212,          0.08200000,          0.00000000,          0.00000000,
         85.00000000,         17.08838126,          0.00262064,         -0.00049919,         18.36500519,          0.00000000,          0.00147671,        361.28790694,         -0.00000000,          0.00000000,          0.29999571,     101000.00000000,          0.25477197,          0.25376491,          0.00075312,        360.06569971,          0.00000000,         -0.00000000,          0.30000342,     101000.00000000,          0.25394000,          0.00025394,          0.25343212,          0.08200000,          0.00000000,          0.00000000,
         90.00000000,         16.99557797,          0.00279437,         -0.00049919,         18.31618883,          0.00000000,          0.00156358,        361.37812914,         -0.00000000,          0.00000000,          0.29999550,     101000.00000000,          0.25477197,          0.25376491,          0.00075312,        360.11747987,          0.00000000,         -0.00000000,          0.30000363,     101000.00000000,          0.25394000,          0.00025394,          0.25343212,          0.08200000,          0.00000000,          0.00000000,
         95.00000000,         16.90750851,          0.00296810,         -0.00049919,         18.26972694,          0.00000000,          0.00165045,        361.46352200,         -0.00000000,          0.00000000,          0.29999529,     101000.00000000,          0.25477197,          0.25376491,          0.00075312,        360.16698726,          0.00000000,         -0.00000000,          0.30000384,     101000.00000000,          0.25394000,          0.00025394,          0.25343212,          0.08200000,          0.00000000,          0.00000000,
        100.00000000,         16.82393117,          0.00314183,         -0.00049919,         18.22550500,          0.00000000,          0.00173731,        361.54433234,         -0.00000000,          0.00000000,          0.29999508,     101000.00000000,          0.25477197,          0.25376491,          0.00075312,        360.21433101,          0.00000000,         -0.00000000,          0.30000404,     101000.00000000,          0.25394000,          0.00025394,          0.25343212,          0.08200000,          0.00000000,          0.00000000,
        105.00000000,         16.74461660,          0.00331556,         -0.00049919,         18.18341407,          0.00000000,          0.00182418,        361.62079435,         -0.00000000,          0.00000000,          0.29999487,     101000.00000000,          0.25477197,          0.25376491,          0.00075312,        360.25961495,          0.00000000,         -0.00000000,          0.30000425,     101000.00000000,          0.25394000,          0.00025394,          0.25343212,          0.08200000,          0.00000000,          0.00000000,
        110.00000000,         16.66934716,          0.00348929,         -0.00049919,         18.14335053,          0.00000000,          0.00191104,        361.69313026,         -0.00000000,          0.00000000,          0.29999467,     101000.00000000,          0.25477197,          0.25376491,          0.00075312,        360.30293786,          0.00000000,         -0.00000000,          0.30000446,     101000.00000000,          0.25394000,          0.00025394,          0.25343212,          0.08200000,          0.00000000,          0.00000000,
        115.00000000,         16.59791631,          0.00366302,         -0.00049919,         18.10521584,          0.00000000,          0.00199791,        361.76155097,         -0.00000000,          0.00000000,          0.29999446,     101000.00000000,          0.25477197,          0.25376491,          0.00075312,        360.34439374,          0.00000000,         -0.00000000,          0.30000467,     101000.00000000,          0.25394000,          0.00025394,          0.25343212,          0.08200000,          0.00000000,          0.00000000,
        120.00000000,         16.53012808,          0.00383676,         -0.00049919,         18.06891625,          0.00000000,          0.00208477,        361.82625660,         -0.00000000,          0.00000000,          0.29999425,     101000.00000000,          0.25477197,          0.25376491,          0.00075312,        360.38407199,          0.00000000,         -0.00000000,          0.30000488,     101000.00000000,          0.25394000,          0.00025394,          0.25343212,          0.08200000,          0.00000000,          0.00000000,
        125.00000000,         16.46579647,          0.00401049,         -0.00049919,         18.03436258,          0.00000000,          0.00217164,        361.88743707,         -0.00000000,          0.00000000,          0.29999404,     101000.00000000,          0.25477197,          0.25376491,          0.00075312,        360.42205770,          0.00000000,         -0.00000000,          0.30000509,     101000.00000000,          0.25394000,          0.00025394,          0.25343212,          0.08200000,          0.00000000,          0.00000000,
        130.00000000,         16.40474502,          0.00418422,         -0.00049919,         18.00147004,          0.00000000,          0.00225850,        361.94527257,         -0.00000000,          0.00000000,          0.29999383,     101000.00000000,          0.25477197,          0.25376491,          0.00075312,        360.45843182,          0.00000000,         -0.00000000,          0.30000530,     101000.00000000,          0.25394000,          0.00025394,          0.25343212,          0.08200000,          0.00000000,          0.00000000,
        135.00000000,         16.34680623,          0.00435795,         -0.00049919,         17.97015793,          0.00000000,          0.00234537,        361.99993412,         -0.00000000,          0.00000000,          0.29999362,     101000.00000000,          0.25477197,          0.25376491,          0.00075312,        360.49327136,          0.00000000,         -0.00000000,          0.30000551,     101000.00000000,          0.25394000,          0.00025394,          0.25343212,          0.08200000,          0.00000000,          0.00000000,
        140.00000000,         16.29182119,          0.00453168,         -0.00049919,         17.94034953,          0.00000000,          0.00243224,        362.05158399,         -0.00000000,          0.00000000,          0.29999341,     101000.00000000,          0.25477197,          0.25376491,          0.00075312,        360.52664960,          0.00000000,         -0.00000000,          0.30000571,     101000.00000000,          0.25394000,          0.00025394,          0.25343212,          0.08200000,          0.00000000,          0.00000000,
        145.00000000,         16.23963910,          0.00470541,         -0.00049919,         17.91197183,          0.00000000,          0.00251910,        362.10037618,         -0.00000000,          0.00000000,          0.29999321,     101000.00000000,          0.25477197,          0.25376491,          0.00075312,        360.55863627,          0.00000000,         -0.00000000,          0.30000592,     101000.00000000,          0.25394000,          0.00025394,          0.25343212,          0.08200000,          0.00000000,          0.00000000,
        150.00000000,         16.19011684,          0.00487914,         -0.00049919,         17.88495541,          0.00000000,          0.00260597,        362.14645682,         -0.00000000,          0.00000000,          0.29999300,     101000.00000000,          0.25477197,          0.25376491,          0.00075312,        360.58929771,          0.00000000,         -0.00000000,          0.30000613,     101000.00000000,          0.25394000,          0.00025394,          0.25343212,          0.08200000,          0.00000000,          0.00000000,
        155.00000000,         16.14311861,          0.00505287,         -0.00049919,         17.85923419,          0.00000000,          0.00269283,        362.18996456,         -0.00000000,          0.00000000,          0.29999279,     101000.00000000,          0.25477197,          0.25376491,          0.00075312,        360.61869705,          0.00000000,         -0.00000000,          0.30000634,     101000.00000000,          0.25394000,          0.00025394,          0.25343212,          0.08200000,          0.00000000,          0.00000000,
        160.00000000,         16.09851555,          0.00522660,         -0.00049919,         17.83474537,          0.00000000,          0.00277970,        362.23103100,         -0.00000000,          0.00000000,          0.29999258,     101000.00000000,          0.25477197,          0.25376491,          0.00075312,        360.64689435,          0.00000000,         -0.00000000,          0.30000655,     101000.00000000,          0.25394000,          0.00025394,          0.25343212,          0.08200000,          0.00000000,          0.00000000,
        165.00000000,         16.05618537,          0.00540034,         -0.00049919,         17.81142915,          0.00000000,          0.00286656,        362.26978101,         -0.00000000,          0.00000000,          0.29999237,     101000.00000000,          0.25477197,          0.25376491,          0.00075312,        360.67394678,          0.00000000,         -0.00000000,          0.30000676,     101000.00000000,          0.25394000,          0.00025394,          0.25343212,          0.08200000,          0.00000000,          0.00000000,
        170.00000000,         16.01601202,          0.00557407,         -0.00049919,         17.78922870,          0.00000000,          0.00295343,        362.30633307,         -0.00000000,          0.00000000,          0.29999216,     101000.00000000,          0.25477197,          0.25376491,          0.00075312,        360.69990870,          0.00000000,         -0.00000000,          0.30000697,     101000.00000000,          0.25394000,          0.00025394,          0.25343212,          0.08200000,          0.00000000,          0.00000000,
        175.00000000,         15.97788538,          0.00574780,         -0.00049919,         17.76808991,          0.00000000,          0.00304029,        362.34079963,         -0.00000000,          0.00000000,          0.29999195,     101000.00000000,          0.25477197,          0.25376491,          0.00075312,        360.72483189,          0.00000000,         -0.00000000,          0.30000718,     101000.00000000,          0.25394000,          0.00025394,          0.25343212,          0.08200000,          0.00000000,          0.00000000,
        180.00000000,         15.94170097,          0.00592153,         -0.00049919,         17.74796134,          0.00000000,          0.00312716,        362.37328740,         -0.00000000,          0.00000000,          0.29999174,     101000.00000000,          0.25477197,          0.25376491,          0.00075312,        360.74876558,          0.00000000,         -0.00000000,          0.30000738,     101000.00000000,          0.25394000,          0.00025394,          0.25343212,          0.08200000,          0.00000000,          0.00000000,
        185.00000000,         15.90735961,          0.00609526,         -0.00049919,         17.72879403,          0.00000000,          0.00321402,        362.40389761,         -0.00000000,          0.00000000,          0.29999154,     101000.00000000,          0.25477197,          0.25376491,          0.00075312,        360.77175663,          0.00000000,         -0.00000000,          0.30000759,     101000.00000000,          0.25394000,          0.00025394,          0.25343212,          0.08200000,          0.00000000,          0.00000000,
        190.00000000,         15.87476720,          0.00626899,         -0.00049919,         17.71054143,          0.00000000,          0.00330089,        362.43272636,         -0.00000000,          0.00000000,          0.29999133,     101000.00000000,          0.25477197,          0.25376491,          0.00075312,        360.79384964,          0.00000000,         -0.00000000,          0.30000780,     101000.00000000,          0.25394000,          0.00025394,          0.25343212,          0.08200000,          0.00000000,          0.00000000,
        195.00000000,         15.84383447,          0.00644272,         -0.00049919,         17.69315922,          0.00000000,          0.00338776,        362.45986482,         -0.00000000,          0.00000000,          0.29999112,     101000.00000000,          0.25477197,          0.25376491,          0.00075312,        360.81508705,          0.00000000,         -0.00000000,          0.30000801,     101000.00000000,          0.25394000,          0.00025394,          0.25343212,          0.08200000,          0.00000000,          0.00000000,
        200.00000000,         15.81447666,          0.00661645,         -0.00049919,         17.67660527,          0.00000000,          0.00347462,        362.48539951,         -0.00000000,          0.00000000,          0.29999091,     101000.00000000,          0.25477197,          0.25376491,          0.00075312,        360.83550923,          0.00000000,         -0.00000000,          0.30000822,     101000.00000000,          0.25394000,          0.00025394,          0.25343212,          0.08200000,          0.00000000,          0.00000000,
        205.00000000,         15.78661337,          0.00679018,         -0.00049919,         17.66083949,          0.00000000,          0.00356149,        362.50941254,         -0.00000000,          0.00000000,          0.29999070,     101000.00000000,          0.25477197,          0.25376491,          0.00075312,        360.85515462,          0.00000000,         -0.00000000,          0.30000843,     101000.00000000,          0.25394000,          0.00025394,          0.25343212,          0.08200000,          0.00000000,          0.00000000,
        210.00000000,         15.76016831,          0.00696392,         -0.00049919,         17.64582373,          0.00000000,          0.00364835,        362.53198182,         -0.00000000,          0.00000000,          0.29999049,     101000.00000000,          0.25477197,          0.25376491,          0.00075312,        360.87405979,          0.00000000,         -0.00000000,          0.30000864,     101000.00000000,          0.25394000,          0.00025394,          0.25343212,          0.08200000,          0.00000000,          0.00000000,
        215.00000000,         15.73506905,          0.00713765,         -0.00049919,         17.63152169,          0.00000000,          0.00373522,        362.55318127,         -0.00000000,          0.00000000,          0.29999028,     101000.00000000,          0.25477197,          0.25376491,          0.00075312,        360.89225954,          0.00000000,         -0.00000000,          0.30000885,     101000.00000000,          0.25394000,          0.00025394,          0.25343212,          0.08200000,          0.00000000,          0.00000000,
        220.00000000,         15.71124690,          0.00731138,         -0.00049919,         17.61789887,          0.00000000,          0.00382208,        362.57308106,         -0.00000000,          0.00000000,          0.29999008,     101000.00000000,          0.25477197,          0.25376491,          0.00075312,        360.90978701,          0.00000000,         -0.00000000,          0.30000905,     101000.00000000,          0.25394000,          0.00025394,          0.25343212,          0.08200000,          0.00000000,          0.00000000,
        225.00000000,         15.68863665,          0.00748511,         -0.00049919,         17.60492240,          0.00000000,          0.00390895,        362.59174776,         -0.00000000,          0.00000000,          0.29998987,     101000.00000000,          0.25477197,          0.25376491,          0.00075312,        360.92667371,          0.00000000,         -0.00000000,          0.30000926,     101000.00000000,          0.25394000,          0.00025394,          0.25343212,          0.08200000,          0.00000000,          0.00000000,
        230.00000000,         15.66717643,          0.00765884,         -0.00049919,         17.59256105,          0.00000000,          0.00399581,        362.60924455,         -0.00000000,          0.00000000,          0.29998966,     101000.00000000,          0.25477197,          0.25376491,          0.00075312,        360.94294964,          0.00000000,         -0.00000000,          0.30000947,     101000.00000000,          0.25394000,          0.00025394,          0.25343212,          0.08200000,          0.00000000,          0.00000000,
        235.00000000,         15.64680752,          0.00783257,         -0.00049919,         17.58078507,          0.00000000,          0.00408268,        362.62563138,         -0.00000000,          0.00000000,          0.29998945,     101000.00000000,          0.25477197,          0.25376491,          0.00075312,        360.95864336,          0.00000000,         -0.00000000,          0.30000968,     101000.00000000,          0.25394000,          0.00025394,          0.25343212,          0.08200000,          0.00000000,          0.00000000,
        240.00000000,         15.62747421,          0.00800630,         -0.00049919,         17.56956618,          0.00000000,          0.00416955,        362.64096513,         -0.00000000,          0.00000000,          0.29998924,     101000.00000000,          0.25477197,          0.25376491,          0.00075312,        360.97378204,          0.00000000,         -0.00000000,          0.30000989,     101000.00000000,          0.25394000,          0.00025394,          0.25343212,          0.08200000,          0.00000000,          0.00000000,
        245.00000000,         15.60912363,          0.00818003,         -0.00049919,         17.55887747,          0.00000000,          0.00425641,        362.65529980,         -0.00000000,          0.00000000,          0.29998903,     101000.00000000,          0.25477197,          0.25376491,          0.00075312,        360.98839154,          0.00000000,         -0.00000000,          0.30001010,     101000.00000000,          0.25394000,          0.00025394,          0.25343212,          0.08200000,          0.00000000,          0.00000000,
        250.00000000,         15.59170560,          0.00835376,         -0.00049919,         17.54869333,          0.00000000,          0.00434328,        362.66868660,         -0.00000000,          0.00000000,          0.29998882,     101000.00000000,          0.25477197,          0.25376491,          0.00075312,        361.00249649,          0.00000000,         -0.00000000,          0.30001031,     101000.00000000,          0.25394000,          0.00025394,          0.25343212,          0.08200000,          0.00000000,          0.00000000,
        255.00000000,         15.57517252,          0.00852749,         -0.00049919,         17.53898939,          0.00000000,          0.00443014,        362.68117415,         -0.00000000,          0.00000000,          0.29998862,     101000.00000000,          0.25477197,          0.25376491,          0.00075312,        361.01612032,          0.00000000,         -0.00000000,          0.30001052,     101000.00000000,          0.25394000,          0.00025394,          0.25343212,          0.08200000,          0.00000000,          0.00000000,
        260.00000000,         15.55947921,          0.00870123,         -0.00049919,         17.52974248,          0.00000000,          0.00451701,        362.69280858,         -0.00000000,          0.00000000,          0.29998841,     101000.00000000,          0.25477197,          0.25376491,          0.00075312,        361.02928532,          0.00000000,         -0.00000000,          0.30001072,     101000.00000000,          0.25394000,          0.00025394,          0.25343212,          0.08200000,          0.00000000,          0.00000000,
        265.00000000,         15.54458279,          0.00887496,         -0.00049919,         17.52093053,          0.00000000,          0.00460387,        362.70363366,         -0.00000000,          0.00000000,          0.29998820,     101000.00000000,          0.25477197,          0.25376491,          0.00075312,        361.04201272,          0.00000000,         -0.00000000,          0.30001093,     101000.00000000,          0.25394000,          0.00025394,          0.25343212,          0.08200000,          0.00000000,          0.00000000,
        270.00000000,         15.53044259,          0.00904869,         -0.00049919,         17.51253256,          0.00000000,          0.00469074,        362.71369093,         -0.00000000,          0.00000000,          0.29998799,     101000.00000000,          0.25477197,          0.25376491,          0.00075312,        361.05432273,          0.00000000,         -0.00000000,          0.30001114,     101000.00000000,          0.25394000,          0.00025394,          0.25343212,          0.08200000,          0.00000000,          0.00000000,
        275.00000000,         15.51701999,          0.00922242,         -0.00049919,         17.50452859,          0.00000000,          0.00477760,        362.72301981,         -0.00000000,          0.00000000,          0.29998778,     101000.00000000,          0.25477197,          0.25376491,          0.00075312,        361.06623457,          0.00000000,         -0.00000000,          0.30001135,     101000.00000000,          0.25394000,          0.00025394,          0.25343212,          0.08200000,          0.00000000,          0.00000000,
        280.00000000,         15.50427836,          0.00939615,         -0.00049919,         17.49689963,          0.00000000,          0.00486447,        362.73165770,         -0.00000000,          0.00000000,          0.29998757,     101000.00000000,          0.25477197,          0.25376491,          0.00075312,        361.07776655,          0.00000000,         -0.00000000,          0.30001156,     101000.00000000,          0.25394000,          0.00025394,          0.25343212,          0.08200000,          0.00000000,          0.00000000,
        285.00000000,         15.49218293,          0.00956988,         -0.00049919,         17.48962760,          0.00000000,          0.00495134,        362.73964011,         -0.00000000,          0.00000000,          0.29998736,     101000.00000000,          0.25477197,          0.25376491,          0.00075312,        361.08893611,          0.00000000,         -0.00000000,          0.30001177,     101000.00000000,          0.25394000,          0.00025394,          0.25343212,          0.08200000,          0.00000000,          0.00000000,
        290.00000000,         15.48070073,          0.00974361,         -0.00049919,         17.48269529,          0.00000000,          0.00503820,        362.74700070,         -0.00000000,          0.00000000,          0.29998716,     101000.00000000,          0.25477197,          0.25376491,          0.00075312,        361.09975982,          0.00000000,         -0.00000000,          0.30001198,     101000.00000000,          0.25394000,          0.00025394,          0.25343212,          0.08200000,          0.00000000,          0.00000000,
        295.00000000,         15.46980043,          0.00991734,         -0.00049919,         17.47608633,          0.00000000,          0.00512507,        362.75377144,         -0.00000000,          0.00000000,          0.29998695,     101000.00000000,          0.25477197,          0.25376491,          0.00075312,        361.11025347,          0.00000000,         -0.00000000,          0.30001219,     101000.00000000,          0.25394000,          0.00025394,          0.25343212,          0.08200000,          0.00000000,          0.00000000,
        300.00000000,         15.45945234,          0.01009107,         -0.00049919,         17.46978515,          0.00000000,          0.00521193,        362.75998267,         -0.00000000,          0.00000000,          0.29998674,     101000.00000000,          0.25477197,          0.25376491,          0.00075312,        361.12043209,          0.00000000,         -0.00000000,          0.30001239,     101000.00000000,          0.25394000,          0.00025394,          0.25343212,          0.08200000,          0.00000000,          0.00000000,
        305.00000000,         15.44962826,          0.01026481,         -0.00049919,         17.46377692,          0.00000000,          0.00529880,        362.76566316,         -0.00000000,          0.00000000,          0.29998653,     101000.00000000,          0.25477197,          0.25376491,          0.00075312,        361.13031000,          0.00000000,         -0.00000000,          0.30001260,     101000.00000000,          0.25394000,          0.00025394,          0.25343212,          0.08200000,          0.00000000,          0.00000000,
        310.00000000,         15.44030145,          0.01043854,         -0.00049919,         17.45804753,          0.00000000,          0.00538566,        362.77084022,         -0.00000000,          0.00000000,          0.29998632,     101000.00000000,          0.25477197,          0.25376491,          0.00075312,        361.13990081,          0.00000000,         -0.00000000,          0.30001281,     101000.00000000,          0.25394000,          0.00025394,          0.25343212,          0.08200000,          0.00000000,          0.00000000,
        315.00000000,         15.43144652,          0.01061227,         -0.00049919,         17.45258357,          0.00000000,          0.00547253,        362.77553978,         -0.00000000,          0.00000000,          0.29998611,     101000.00000000,          0.25477197,          0.25376491,          0.00075312,        361.14921749,          0.00000000,         -0.00000000,          0.30001302,     101000.00000000,          0.25394000,          0.00025394,          0.25343212,          0.08200000,          0.00000000,          0.00000000,
        320.00000000,         15.42303938,          0.01078600,         -0.00049919,         17.44737225,          0.00000000,          0.00555939,        362.77978642,         -0.00000000,          0.00000000,          0.29998590,     101000.00000000,          0.25477197,          0.25376491,          0.00075312,        361.15827239,          0.00000000,         -0.00000000,          0.30001323,     101000.00000000,          0.25394000,          0.00025394,          0.25343212,          0.08200000,          0.00000000,          0.00000000,
        325.00000000,         15.41505717,          0.01095973,         -0.00049919,         17.44240143,          0.00000000,          0.00564626,        362.78360348,         -0.00000000,          0.00000000,          0.29998570,     101000.00000000,          0.25477197,          0.25376491,          0.00075312,        361.16707726,          0.00000000,         -0.00000000,          0.30001344,     101000.00000000,          0.25394000,          0.00025394,          0.25343212,          0.08200000,          0.00000000,          0.00000000,
        330.00000000,         15.40747820,          0.01113346,         -0.00049919,         17.43765954,          0.00000000,          0.00573313,        362.78701311,         -0.00000000,          0.00000000,          0.29998549,     101000.00000000,          0.25477197,          0.25376491,          0.00075312,        361.17564329,          0.00000000,         -0.00000000,          0.30001365,     101000.00000000,          0.25394000,          0.00025394,          0.25343212,          0.08200000,          0.00000000,          0.00000000,
        335.00000000,         15.40028189,          0.01130719,         -0.00049919,         17.43313557,          0.00000000,          0.00581999,        362.79003632,         -0.00000000,          0.00000000,          0.29998528,     101000.00000000,          0.25477197,          0.25376491,          0.00075312,        361.18398113,          0.00000000,         -0.00000000,          0.30001386,     101000.00000000,          0.25394000,          0.00025394,          0.25343212,          0.08200000,          0.00000000,          0.00000000,
        340.00000000,         15.39344870,          0.01148092,         -0.00049919,         17.42881905,          0.00000000,          0.00590686,        362.79269306,         -0.00000000,          0.00000000,          0.29998507,     101000.00000000,          0.25477197,          0.25376491,          0.00075312,        361.19210092,          0.00000000,         -0.00000000,          0.30001406,     101000.00000000,          0.25394000,          0.00025394,          0.25343212,          0.08200000,          0.00000000,          0.00000000,
        345.00000000,         15.38696010,          0.01165465,         -0.00049919,         17.42470000,          0.00000000,          0.00599372,        362.79500224,         -0.00000000,          0.00000000,          0.29998486,     101000.00000000,          0.25477197,          0.25376491,          0.00075312,        361.20001233,          0.00000000,         -0.00000000,          0.30001427,     101000.00000000,          0.25394000,          0.00025394,          0.25343212,          0.08200000,          0.00000000,          0.00000000,
        350.00000000,         15.38079850,          0.01182839,         -0.00049919,         17.42076894,          0.00000000,          0.00608059,        362.79698183,         -0.00000000,          0.00000000,          0.29998465,     101000.00000000,          0.25477197,          0.25376491,          0.00075312,        361.20772454,          0.00000000,         -0.00000000,          0.30001448,     101000.00000000,          0.25394000,          0.00025394,          0.25343212,          0.08200000,          0.00000000,          0.00000000,
        355.00000000,         15.37494720,          0.01200212,         -0.00049919,         17.41701684,          0.00000000,          0.00616745,        362.79864886,         -0.00000000,          0.00000000,          0.29998444,     101000.00000000,          0.25477197,          0.25376491,          0.00075312,        361.21524631,          0.00000000,         -0.00000000,          0.30001469,     101000.00000000,          0.25394000,          0.00025394,          0.25343212,          0.08200000,          0.00000000,          0.00000000,
        360.00000000,         15.36939037,          0.01217585,         -0.00049919,         17.41343511,          0.00000000,          0.00625432,        362.80001950,         -0.00000000,          0.00000000,          0.29998423,     101000.00000000,          0.25477197,          0.25376491,          0.00075312,        361.22258598,          0.00000000,         -0.00000000,          0.30001490,     101000.00000000,          0.25394000,          0.00025394,          0.25343212,          0.08200000,          0.00000000,          0.00000000,
        365.00000000,         15.36411298,          0.01234958,         -0.00049919,         17.41001557,          0.00000000,          0.00634118,        362.80110910,         -0.00000000,          0.00000000,          0.29998403,     101000.00000000,          0.25477197,          0.25376491,          0.00075312,        361.22975149,          0.00000000,         -0.00000000,          0.30001511,     101000.00000000,          0.25394000,          0.00025394,          0.25343212,          0.08200000,          0.00000000,          0.00000000,
        370.00000000,         15.35910076,          0.01252331,         -0.00049919,         17.40675044,          0.00000000,          0.00642805,        362.80193222,         -0.00000000,          0.00000000,          0.29998382,     101000.00000000,          0.25477197,          0.25376491,          0.00075312,        361.23675039,          0.00000000,         -0.00000000,          0.30001532,     101000.00000000,          0.25394000,          0.00025394,          0.25343212,          0.08200000,          0.00000000,          0.00000000,
        375.00000000,         15.35434018,          0.01269704,         -0.00049919,         17.40363231,          0.00000000,          0.00651492,        362.80250266,         -0.00000000,          0.00000000,          0.29998361,     101000.00000000,          0.25477197,          0.25376491,          0.00075312,        361.24358988,          0.00000000,         -0.00000000,          0.30001553,     101000.00000000,          0.25394000,          0.00025394,          0.25343212,          0.08200000,          0.00000000,          0.00000000,
        380.00000000,         15.34981840,          0.01287077,         -0.00049919,         17.40065413,          0.00000000,          0.00660178,        362.80283355,         -0.00000000,          0.00000000,          0.29998340,     101000.00000000,          0.25477197,          0.25376491,          0.00075312,        361.25027682,          0.00000000,         -0.00000000,          0.30001573,     101000.00000000,          0.25394000,          0.00025394,          0.25343212,          0.08200000,          0.00000000,          0.00000000,
        385.00000000,         15.34552322,          0.01304450,         -0.00049919,         17.39780919,          0.00000000,          0.00668865,        362.80293733,         -0.00000000,          0.00000000,          0.29998319,     101000.00000000,          0.25477197,          0.25376491,          0.00075312,        361.25681773,          0.00000000,         -0.00000000,          0.30001594,     101000.00000000,          0.25394000,          0.00025394,          0.25343212,          0.08200000,          0.00000000,          0.00000000,
        390.00000000,         15.34144309,          0.01321823,         -0.00049919,         17.39509110,          0.00000000,          0.00677551,        362.80282579,         -0.00000000,          0.00000000,          0.29998298,     101000.00000000,          0.25477197,          0.25376491,          0.00075312,        361.26321882,          0.00000000,         -0.00000000,          0.30001615,     101000.00000000,          0.25394000,          0.00025394,          0.25343212,          0.08200000,          0.00000000,          0.00000000,
        395.00000000,         15.33756702,          0.01339196,         -0.00049919,         17.39249379,          0.00000000,          0.00686238,        362.80251015,         -0.00000000,          0.00000000,          0.29998277,     101000.00000000,          0.25477197,          0.25376491,          0.00075312,        361.26948603,          0.00000000,         -0.00000000,          0.30001636,     101000.00000000,          0.25394000,          0.00025394,          0.25343212,          0.08200000,          0.00000000,          0.00000000,
        400.00000000,         15.33388461,          0.01356570,         -0.00049919,         17.39001148,          0.00000000,          0.00694924,        362.80200102,         -0.00000000,          0.00000000,          0.29998257,     101000.00000000,          0.25477197,          0.25376491,          0.00075312,        361.27562498,          0.00000000,         -0.00000000,          0.30001657,     101000.00000000,          0.25394000,          0.00025394,          0.25343212,          0.08200000,          0.00000000,          0.00000000,
        405.00000000,         15.33038596,          0.01373943,         -0.00049919,         17.38763865,          0.00000000,          0.00703611,        362.80130851,         -0.00000000,          0.00000000,          0.29998236,     101000.00000000,          0.25477197,          0.25376491,          0.00075312,        361.28164105,          0.00000000,         -0.00000000,          0.30001678,     101000.00000000,          0.25394000,          0.00025394,          0.25343212,          0.08200000,          0.00000000,          0.00000000,
        410.00000000,         15.32706171,          0.01391316,         -0.00049919,         17.38537006,          0.00000000,          0.00712297,        362.80044218,         -0.00000000,          0.00000000,          0.29998215,     101000.00000000,          0.25477197,          0.25376491,          0.00075312,        361.28753935,          0.00000000,         -0.00000000,          0.30001699,     101000.00000000,          0.25394000,          0.00025394,          0.25343212,          0.08200000,          0.00000000,          0.00000000,
        415.00000000,         15.32390295,          0.01408689,         -0.00049919,         17.38320074,          0.00000000,          0.00720984,        362.79941112,         -0.00000000,          0.00000000,          0.29998194,     101000.00000000,          0.25477197,          0.25376491,          0.00075312,        361.29332475,          0.00000000,         -0.00000000,          0.30001720,     101000.00000000,          0.25394000,          0.00025394,          0.25343212,          0.08200000,          0.00000000,          0.00000000,
        420.00000000,         15.32090123,          0.01426062,         -0.00049919,         17.38112592,          0.00000000,          0.00729671,        362.79822394,         -0.00000000,          0.00000000,          0.29998173,     101000.00000000,          0.25477197,          0.25376491,          0.00075312,        361.29900189,          0.00000000,         -0.00000000,          0.30001740,     101000.00000000,          0.25394000,          0.00025394,          0.25343212,          0.08200000,          0.00000000,          0.00000000,
        425.00000000,         15.31804854,          0.01443435,         -0.00049919,         17.37914110,          0.00000000,          0.00738357,        362.79688882,         -0.00000000,          0.00000000,          0.29998152,     101000.00000000,          0.25477197,          0.25376491,          0.00075312,        361.30457519,          0.00000000,         -0.00000000,          0.30001761,     101000.00000000,          0.25394000,          0.00025394,          0.25343212,          0.08200000,          0.00000000,          0.00000000,
        430.00000000,         15.31533728,          0.01460808,         -0.00049919,         17.37724196,          0.00000000,          0.00747044,        362.79541353,         -0.00000000,          0.00000000,          0.29998131,     101000.00000000,          0.25477197,          0.25376491,          0.00075312,        361.31004887,          0.00000000,         -0.00000000,          0.30001782,     101000.00000000,          0.25394000,          0.00025394,          0.25343212,          0.08200000,          0.00000000,          0.00000000,
        435.00000000,         15.31276024,          0.01478181,         -0.00049919,         17.37542442,          0.00000000,          0.00755730,        362.79380542,         -0.00000000,          0.00000000,          0.29998111,     101000.00000000,          0.25477197,          0.25376491,          0.00075312,        361.31542692,          0.00000000,         -0.00000000,          0.30001803,     101000.00000000,          0.25394000,          0.00025394,          0.25343212,          0.08200000,          0.00000000,          0.00000000,
        440.00000000,         15.31031055,          0.01495554,         -0.00049919,         17.37368457,          0.00000000,          0.00764417,        362.79207150,         -0.00000000,          0.00000000,          0.29998090,     101000.00000000,          0.25477197,          0.25376491,          0.00075312,        361.32071318,          0.00000000,         -0.00000000,          0.30001824,     101000.00000000,          0.25394000,          0.00025394,          0.25343212,          0.08200000,          0.00000000,          0.00000000,
        445.00000000,         15.30798173,          0.01512928,         -0.00049919,         17.37201871,          0.00000000,          0.00773103,        362.79021838,         -0.00000000,          0.00000000,          0.29998069,     101000.00000000,          0.25477197,          0.25376491,          0.00075312,        361.32591127,          0.00000000,         -0.00000000,          0.30001845,     101000.00000000,          0.25394000,          0.00025394,          0.25343212,          0.08200000,          0.00000000,          0.00000000,
        450.00000000,         15.30576760,          0.01530301,         -0.00049919,         17.37042331,          0.00000000,          0.00781790,        362.78825236,         -0.00000000,          0.00000000,          0.29998048,     101000.00000000,          0.25477197,          0.25376491,          0.00075312,        361.33102467,          0.00000000,         -0.00000000,          0.30001866,     101000.00000000,          0.25394000,          0.00025394,          0.25343212,          0.08200000,          0.00000000,          0.00000000,
        455.00000000,         15.30366233,          0.01547674,         -0.00049919,         17.36889500,          0.00000000,          0.00790476,        362.78617942,         -0.00000000,          0.00000000,          0.29998027,     101000.00000000,          0.25477197,          0.25376491,          0.00075312,        361.33605669,          0.00000000,         -0.00000000,          0.30001887,     101000.00000000,          0.25394000,          0.00025394,          0.25343212,          0.08200000,          0.00000000,          0.00000000,
        460.00000000,         15.30166034,          0.01565047,         -0.00049919,         17.36743059,          0.00000000,          0.00799163,        362.78400521,         -0.00000000,          0.00000000,          0.29998006,     101000.00000000,          0.25477197,          0.25376491,          0.00075312,        361.34101046,          0.00000000,         -0.00000000,          0.30001907,     101000.00000000,          0.25394000,          0.00025394,          0.25343212,          0.08200000,          0.00000000,          0.00000000,
        465.00000000,         15.29975638,          0.01582420,         -0.00049919,         17.36602702,          0.00000000,          0.00807849,        362.78173512,         -0.00000000,          0.00000000,          0.29997985,     101000.00000000,          0.25477197,          0.25376491,          0.00075312,        361.34588899,          0.00000000,         -0.00000000,          0.30001928,     101000.00000000,          0.25394000,          0.00025394,          0.25343212,          0.08200000,          0.00000000,          0.00000000,
        470.00000000,         15.29794544,          0.01599793,         -0.00049919,         17.36468140,          0.00000000,          0.00816536,        362.77937424,         -0.00000000,          0.00000000,          0.29997965,     101000.00000000,          0.25477197,          0.25376491,          0.00075312,        361.35069514,          0.00000000,         -0.00000000,          0.30001949,     101000.00000000,          0.25394000,          0.00025394,          0.25343212,          0.08200000,          0.00000000,          0.00000000,
        475.00000000,         15.29622278,          0.01617166,         -0.00049919,         17.36339096,          0.00000000,          0.00825223,        362.77692742,         -0.00000000,          0.00000000,          0.29997944,     101000.00000000,          0.25477197,          0.25376491,          0.00075312,        361.35543162,          0.00000000,         -0.00000000,          0.30001970,     101000.00000000,          0.25394000,          0.00025394,          0.25343212,          0.08200000,          0.00000000,          0.00000000,
        480.00000000,         15.29458389,          0.01634539,         -0.00049919,         17.36215308,          0.00000000,          0.00833909,        362.77439925,         -0.00000000,          0.00000000,          0.29997923,     101000.00000000,          0.25477197,          0.25376491,          0.00075312,        361.36010104,          0.00000000,         -0.00000000,          0.30001991,     101000.00000000,          0.25394000,          0.00025394,          0.25343212,          0.08200000,          0.00000000,          0.00000000,
        485.00000000,         15.29302451,          0.01651912,         -0.00049919,         17.36096526,          0.00000000,          0.00842596,        362.77179410,         -0.00000000,          0.00000000,          0.29997902,     101000.00000000,          0.25477197,          0.25376491,          0.00075312,        361.36470586,          0.00000000,         -0.00000000,          0.30002012,     101000.00000000,          0.25394000,          0.00025394,          0.25343212,          0.08200000,          0.00000000,          0.00000000,
        490.00000000,         15.29154057,          0.01669286,         -0.00049919,         17.35982512,          0.00000000,          0.00851282,        362.76911608,         -0.00000000,          0.00000000,          0.29997881,     101000.00000000,          0.25477197,          0.25376491,          0.00075312,        361.36924845,          0.00000000,         -0.00000000,          0.30002033,     101000.00000000,          0.25394000,          0.00025394,          0.25343212,          0.08200000,          0.00000000,          0.00000000,
        495.00000000,         15.29012823,          0.01686659,         -0.00049919,         17.35873038,          0.00000000,          0.00859969,        362.76636914,         -0.00000000,          0.00000000,          0.29997860,     101000.00000000,          0.25477197,          0.25376491,          0.00075312,        361.37373105,          0.00000000,         -0.00000000,          0.30002053,     101000.00000000,          0.25394000,          0.00025394,          0.25343212,          0.08200000,          0.00000000,          0.00000000,
        500.00000000,         15.28878384,          0.01704032,         -0.00049919,         17.35767889,          0.00000000,          0.00868655,        362.76355699,         -0.00000000,          0.00000000,          0.29997839,     101000.00000000,          0.25477197,          0.25376491,          0.00075312,        361.37815579,          0.00000000,         -0.00000000,          0.30002074,     101000.00000000,          0.25394000,          0.00025394,          0.25343212,          0.08200000,          0.00000000,          0.00000000,
        505.00000000,         15.28750393,          0.01721405,         -0.00049919,         17.35666860,          0.00000000,          0.00877342,        362.76068317,         -0.00000000,          0.00000000,          0.29997819,     101000.00000000,          0.25477197,          0.25376491,          0.00075312,        361.38252473,          0.00000000,         -0.00000000,          0.30002095,     101000.00000000,          0.25394000,          0.00025394,          0.25343212,          0.08200000,          0.00000000,          0.00000000,
        510.00000000,         15.28628522,          0.01738778,         -0.00049919,         17.35569754,          0.00000000,          0.00886028,        362.75775103,         -0.00000000,          0.00000000,          0.29997798,     101000.00000000,          0.25477197,          0.25376491,          0.00075312,        361.38683980,          0.00000000,         -0.00000000,          0.30002116,     101000.00000000,          0.25394000,          0.00025394,          0.25343212,          0.08200000,          0.00000000,          0.00000000,
        515.00000000,         15.28512458,          0.01756151,         -0.00049919,         17.35476386,          0.00000000,          0.00894715,        362.75476375,         -0.00000000,          0.00000000,          0.29997777,     101000.00000000,          0.25477197,          0.25376491,          0.00075312,        361.39110286,          0.00000000,         -0.00000000,          0.30002137,     101000.00000000,          0.25394000,          0.00025394,          0.25343212,          0.08200000,          0.00000000,          0.00000000,
        520.00000000,         15.28401905,          0.01773524,         -0.00049919,         17.35386577,          0.00000000,          0.00903402,        362.75172436,         -0.00000000,          0.00000000,          0.29997756,     101000.00000000,          0.25477197,          0.25376491,          0.00075312,        361.39531569,          0.00000000,         -0.00000000,          0.30002158,     101000.00000000,          0.25394000,          0.00025394,          0.25343212,          0.08200000,          0.00000000,          0.00000000,
        525.00000000,         15.28296584,          0.01790897,         -0.00049919,         17.35300161,          0.00000000,          0.00912088,        362.74863571,         -0.00000000,          0.00000000,          0.29997735,     101000.00000000,          0.25477197,          0.25376491,          0.00075312,        361.39947995,          0.00000000,         -0.00000000,          0.30002179,     101000.00000000,          0.25394000,          0.00025394,          0.25343212,          0.08200000,          0.00000000,          0.00000000,
        530.00000000,         15.28196225,          0.01808270,         -0.00049919,         17.35216974,          0.00000000,          0.00920775,        362.74550052,         -0.00000000,          0.00000000,          0.29997714,     101000.00000000,          0.25477197,          0.25376491,          0.00075312,        361.40359727,          0.00000000,         -0.00000000,          0.30002200,     101000.00000000,          0.25394000,          0.00025394,          0.25343212,          0.08200000,          0.00000000,          0.00000000,
        535.00000000,         15.28100578,          0.01825643,         -0.00049919,         17.35136865,          0.00000000,          0.00929461,        362.74232138,         -0.00000000,          0.00000000,          0.29997693,     101000.00000000,          0.25477197,          0.25376491,          0.00075312,        361.40766917,          0.00000000,         -0.00000000,          0.30002220,     101000.00000000,          0.25394000,          0.00025394,          0.25343212,          0.08200000,          0.00000000,          0.00000000,
        540.00000000,         15.28009402,          0.01843017,         -0.00049919,         17.35059688,          0.00000000,          0.00938148,        362.73910073,         -0.00000000,          0.00000000,          0.29997672,     101000.00000000,          0.25477197,          0.25376491,          0.00075312,        361.41169711,          0.00000000,         -0.00000000,          0.30002241,     101000.00000000,          0.25394000,          0.00025394,          0.25343212,          0.08200000,          0.00000000,          0.00000000,
        545.00000000,         15.27922468,          0.01860390,         -0.00049919,         17.34985304,          0.00000000,          0.00946834,        362.73584089,         -0.00000000,          0.00000000,          0.29997652,     101000.00000000,          0.25477197,          0.25376491,          0.00075312,        361.41568250,          0.00000000,         -0.00000000,          0.30002262,     101000.00000000,          0.25394000,          0.00025394,          0.25343212,          0.08200000,          0.00000000,          0.00000000,
        550.00000000,         15.27839561,          0.01877763,         -0.00049919,         17.34913581,          0.00000000,          0.00955521,        362.73254407,         -0.00000000,          0.00000000,          0.29997631,     101000.00000000,          0.25477197,          0.25376491,          0.00075312,        361.41962665,          0.00000000,         -0.00000000,          0.30002283,     101000.00000000,          0.25394000,          0.00025394,          0.25343212,          0.08200000,          0.00000000,          0.00000000,
        555.00000000,         15.27760476,          0.01895136,         -0.00049919,         17.34844393,          0.00000000,          0.00964207,        362.72921236,         -0.00000000,          0.00000000,          0.29997610,     101000.00000000,          0.25477197,          0.25376491,          0.00075312,        361.42353084,          0.00000000,         -0.00000000,          0.30002304,     101000.00000000,          0.25394000,          0.00025394,          0.25343212,          0.08200000,          0.00000000,          0.00000000,
        560.00000000,         15.27685017,          0.01912509,         -0.00049919,         17.34777620,          0.00000000,          0.00972894,        362.72584773,         -0.00000000,          0.00000000,          0.29997589,     101000.00000000,          0.25477197,          0.25376491,          0.00075312,        361.42739628,          0.00000000,         -0.00000000,          0.30002325,     101000.00000000,          0.25394000,          0.00025394,          0.25343212,          0.08200000,          0.00000000,          0.00000000,
        565.00000000,         15.27613001,          0.01929882,         -0.00049919,         17.34713149,          0.00000000,          0.00981581,        362.72245208,         -0.00000000,          0.00000000,          0.29997568,     101000.00000000,          0.25477197,          0.25376491,          0.00075312,        361.43122411,          0.00000000,         -0.00000000,          0.30002346,     101000.00000000,          0.25394000,          0.00025394,          0.25343212,          0.08200000,          0.00000000,          0.00000000,
        570.00000000,         15.27544251,          0.01947255,         -0.00049919,         17.34650870,          0.00000000,          0.00990267,        362.71902719,         -0.00000000,          0.00000000,          0.29997547,     101000.00000000,          0.25477197,          0.25376491,          0.00075312,        361.43501545,          0.00000000,         -0.00000000,          0.30002367,     101000.00000000,          0.25394000,          0.00025394,          0.25343212,          0.08200000,          0.00000000,          0.00000000,
        575.00000000,         15.27478602,          0.01964628,         -0.00049919,         17.34590681,          0.00000000,          0.00998954,        362.71557475,         -0.00000000,          0.00000000,          0.29997526,     101000.00000000,          0.25477197,          0.25376491,          0.00075312,        361.43877133,          0.00000000,         -0.00000000,          0.30002387,     101000.00000000,          0.25394000,          0.00025394,          0.25343212,          0.08200000,          0.00000000,          0.00000000,
        580.00000000,         15.27415896,          0.01982001,         -0.00049919,         17.34532482,          0.00000000,          0.01007640,        362.71209637,         -0.00000000,          0.00000000,          0.29997506,     101000.00000000,          0.25477197,          0.25376491,          0.00075312,        361.44249277,          0.00000000,         -0.00000000,          0.30002408,     101000.00000000,          0.25394000,          0.00025394,          0.25343212,          0.08200000,          0.00000000,          0.00000000,
        585.00000000,         15.27355982,          0.01999375,         -0.00049919,         17.34476181,          0.00000000,          0.01016327,        362.70859357,         -0.00000000,          0.00000000,          0.29997485,     101000.00000000,          0.25477197,          0.25376491,          0.00075312,        361.44618072,          0.00000000,         -0.00000000,          0.30002429,     101000.00000000,          0.25394000,          0.00025394,          0.25343212,          0.08200000,          0.00000000,          0.00000000,
        590.00000000,         15.27298719,          0.02016748,         -0.00049919,         17.34421688,          0.00000000,          0.01025013,        362.70506781,         -0.00000000,          0.00000000,          0.29997464,     101000.00000000,          0.25477197,          0.25376491,          0.00075312,        361.44983610,          0.00000000,         -0.00000000,          0.30002450,     101000.00000000,          0.25394000,          0.00025394,          0.25343212,          0.08200000,          0.00000000,          0.00000000,
        595.00000000,         15.27243971,          0.02034121,         -0.00049919,         17.34368917,          0.00000000,          0.01033700,        362.70152045,         -0.00000000,          0.00000000,          0.29997443,     101000.00000000,          0.25477197,          0.25376491,          0.00075312,        361.45345976,          0.00000000,         -0.00000000,          0.30002471,     101000.00000000,          0.25394000,          0.00025394,          0.25343212,          0.08200000,          0.00000000,          0.00000000,
        600.00000000,         15.27191612,          0.02051494,         -0.00049919,         17.34317789,          0.00000000,          0.01042386,        362.69795281,         -0.00000000,          0.00000000,          0.29997422,     101000.00000000,          0.25477197,          0.25376491,          0.00075312,        361.45705255,          0.00000000,         -0.00000000,          0.30002492,     101000.00000000,          0.25394000,          0.00025394,          0.25343212,          0.08200000,          0.00000000,          0.00000000,
        605.00000000,         15.27141518,          0.02068867,         -0.00049919,         17.34268225,          0.00000000,          0.01051073,        362.69436611,         -0.00000000,          0.00000000,          0.29997401,     101000.00000000,          0.25477197,          0.25376491,          0.00075312,        361.46061527,          0.00000000,         -0.00000000,          0.30002513,     101000.00000000,          0.25394000,          0.00025394,          0.25343212,          0.08200000,          0.00000000,          0.00000000,
        610.00000000,         15.27093575,          0.02086240,         -0.00049919,         17.34220152,          0.00000000,          0.01059760,        362.69076153,         -0.00000000,          0.00000000,          0.29997380,     101000.00000000,          0.25477197,          0.25376491,          0.00075312,        361.46414866,          0.00000000,         -0.00000000,          0.30002534,     101000.00000000,          0.25394000,          0.00025394,          0.25343212,          0.08200000,          0.00000000,          0.00000000,
        615.00000000,         15.27047674,          0.02103613,         -0.00049919,         17.34173502,          0.00000000,          0.01068446,        362.68714018,         -0.00000000,          0.00000000,          0.29997360,     101000.00000000,          0.25477197,          0.25376491,          0.00075312,        361.46765345,          0.00000000,         -0.00000000,          0.30002554,     101000.00000000,          0.25394000,          0.00025394,          0.25343212,          0.08200000,          0.00000000,          0.00000000,
        620.00000000,         15.27003711,          0.02120986,         -0.00049919,         17.34128206,          0.00000000,          0.01077133,        362.68350311,         -0.00000000,          0.00000000,          0.29997339,     101000.00000000,          0.25477197,          0.25376491,          0.00075312,        361.47113034,          0.00000000,         -0.00000000,          0.30002575,     101000.00000000,          0.25394000,          0.00025394,          0.25343212,          0.08200000,          0.00000000,          0.00000000,
        625.00000000,         15.26961587,          0.02138359,         -0.00049919,         17.34084201,          0.00000000,          0.01085819,        362.67985134,         -0.00000000,          0.00000000,          0.29997318,     101000.00000000,          0.25477197,          0.25376491,          0.00075312,        361.47457999,          0.00000000,         -0.00000000,          0.30002596,     101000.00000000,          0.25394000,          0.00025394,          0.25343212,          0.08200000,          0.00000000,          0.00000000,
        630.00000000,         15.26921208,          0.02155733,         -0.00049919,         17.34041428,          0.00000000,          0.01094506,        362.67618580,         -0.00000000,          0.00000000,          0.29997297,     101000.00000000,          0.25477197,          0.25376491,          0.00075312,        361.47800302,          0.00000000,         -0.00000000,          0.30002617,     101000.00000000,          0.25394000,          0.00025394,          0.25343212,          0.08200000,          0.00000000,          0.00000000,
        635.00000000,         15.26882487,          0.02173106,         -0.00049919,         17.33999829,          0.00000000,          0.01103192,        362.67250740,         -0.00000000,          0.00000000,          0.29997276,     101000.00000000,          0.25477197,          0.25376491,          0.00075312,        361.48140004,          0.00000000,         -0.00000000,          0.30002638,     101000.00000000,          0.25394000,          0.00025394,          0.25343212,          0.08200000,          0.00000000,          0.00000000,
        640.00000000,         15.26845338,          0.02190479,         -0.00049919,         17.33959348,          0.00000000,          0.01111879,        362.66881700,         -0.00000000,          0.00000000,          0.29997255,     101000.00000000,          0.25477197,          0.25376491,          0.00075312,        361.48477163,          0.00000000,         -0.00000000,          0.30002659,     101000.00000000,          0.25394000,          0.00025394,          0.25343212,          0.08200000,          0.00000000,          0.00000000,
        645.00000000,         15.26809683,          0.02207852,         -0.00049919,         17.33919935,          0.00000000,          0.01120565,        362.66511540,         -0.00000000,          0.00000000,          0.29997234,     101000.00000000,          0.25477197,          0.25376491,          0.00075312,        361.48811834,          0.00000000,         -0.00000000,          0.30002680,     101000.00000000,          0.25394000,          0.00025394,          0.25343212,          0.08200000,          0.00000000,          0.00000000,
        650.00000000,         15.26775445,          0.02225225,         -0.00049919,         17.33881538,          0.00000000,          0.01129252,        362.66140338,         -0.00000000,          0.00000000,          0.29997214,     101000.00000000,          0.25477197,          0.25376491,          0.00075312,        361.49144069,          0.00000000,         -0.00000000,          0.30002701,     101000.00000000,          0.25394000,          0.00025394,          0.25343212,          0.08200000,          0.00000000,          0.00000000,
        655.00000000,         15.26742551,          0.02242598,         -0.00049919,         17.33844111,          0.00000000,          0.01137939,        362.65768167,         -0.00000000,          0.00000000,          0.29997193,     101000.00000000,          0.25477197,          0.25376491,          0.00075312,        361.49473919,          0.00000000,         -0.00000000,          0.30002721,     101000.00000000,          0.25394000,          0.00025394,          0.25343212,          0.08200000,          0.00000000,          0.00000000,
        660.00000000,         15.26710935,          0.02259971,         -0.00049919,         17.33807609,          0.00000000,          0.01146625,        362.65395095,         -0.00000000,          0.00000000,          0.29997172,     101000.00000000,          0.25477197,          0.25376491,          0.00075312,        361.49801431,          0.00000000,         -0.00000000,          0.30002742,     101000.00000000,          0.25394000,          0.00025394,          0.25343212,          0.08200000,          0.00000000,          0.00000000,
        665.00000000,         15.26680531,          0.02277344,         -0.00049919,         17.33771989,          0.00000000,          0.01155312,        362.65021190,         -0.00000000,          0.00000000,          0.29997151,     101000.00000000,          0.25477197,          0.25376491,          0.00075312,        361.50126653,          0.00000000,         -0.00000000,          0.30002763,     101000.00000000,          0.25394000,          0.00025394,          0.25343212,          0.08200000,          0.00000000,          0.00000000,
        670.00000000,         15.26651278,          0.02294717,         -0.00049919,         17.33737210,          0.00000000,          0.01163998,        362.64646512,         -0.00000000,          0.00000000,          0.29997130,     101000.00000000,          0.25477197,          0.25376491,          0.00075312,        361.50449627,          0.00000000,         -0.00000000,          0.30002784,     101000.00000000,          0.25394000,          0.00025394,          0.25343212,          0.08200000,          0.00000000,          0.00000000,
        675.00000000,         15.26623118,          0.02312090,         -0.00049919,         17.33703233,          0.00000000,          0.01172685,        362.64271121,         -0.00000000,          0.00000000,          0.29997109,     101000.00000000,          0.25477197,          0.25376491,          0.00075312,        361.50770397,          0.00000000,         -0.00000000,          0.30002805,     101000.00000000,          0.25394000,          0.00025394,          0.25343212,          0.08200000,          0.00000000,          0.00000000,
        680.00000000,         15.26595994,          0.02329464,         -0.00049919,         17.33670021,          0.00000000,          0.01181371,        362.63895074,         -0.00000000,          0.00000000,          0.29997088,     101000.00000000,          0.25477197,          0.25376491,          0.00075312,        361.51089002,          0.00000000,         -0.00000000,          0.30002826,     101000.00000000,          0.25394000,          0.00025394,          0.25343212,          0.08200000,          0.00000000,          0.00000000,
        685.00000000,         15.26569855,          0.02346837,         -0.00049919,         17.33637538,          0.00000000,          0.01190058,        362.63518423,         -0.00000000,          0.00000000,          0.29997068,     101000.00000000,          0.25477197,          0.25376491,          0.00075312,        361.51405481,          0.00000000,         -0.00000000,          0.30002847,     101000.00000000,          0.25394000,          0.00025394,          0.25343212,          0.08200000,          0.00000000,          0.00000000,
        690.00000000,         15.26544650,          0.02364210,         -0.00049919,         17.33605752,          0.00000000,          0.01198744,        362.63141218,         -0.00000000,          0.00000000,          0.29997047,     101000.00000000,          0.25477197,          0.25376491,          0.00075312,        361.51719871,          0.00000000,         -0.00000000,          0.30002868,     101000.00000000,          0.25394000,          0.00025394,          0.25343212,          0.08200000,          0.00000000,          0.00000000,
        695.00000000,         15.26520333,          0.02381583,         -0.00049919,         17.33574630,          0.00000000,          0.01207431,        362.62763509,         -0.00000000,          0.00000000,          0.29997026,     101000.00000000,          0.25477197,          0.25376491,          0.00075312,        361.52032208,          0.00000000,         -0.00000000,          0.30002888,     101000.00000000,          0.25394000,          0.00025394,          0.25343212,          0.08200000,          0.00000000,          0.00000000,
        700.00000000,         15.26496859,          0.02398956,         -0.00049919,         17.33544141,          0.00000000,          0.01216118,        362.62385340,         -0.00000000,          0.00000000,          0.29997005,     101000.00000000,          0.25477197,          0.25376491,          0.00075312,        361.52342524,          0.00000000,         -0.00000000,          0.30002909,     101000.00000000,          0.25394000,          0.00025394,          0.25343212,          0.08200000,          0.00000000,          0.00000000,
        705.00000000,         15.26474184,          0.02416329,         -0.00049919,         17.33514257,          0.00000000,          0.01224804,        362.62006754,         -0.00000000,          0.00000000,          0.29996984,     101000.00000000,          0.25477197,          0.25376491,          0.00075312,        361.52650854,          0.00000000,         -0.00000000,          0.30002930,     101000.00000000,          0.25394000,          0.00025394,          0.25343212,          0.08200000,          0.00000000,          0.00000000,
        710.00000000,         15.26452269,          0.02433702,         -0.00049919,         17.33484949,          0.00000000,          0.01233491,        362.61627792,         -0.00000000,          0.00000000,          0.29996963,     101000.00000000,          0.25477197,          0.25376491,          0.00075312,        361.52957227,          0.00000000,         -0.00000000,          0.30002951,     101000.00000000,          0.25394000,          0.00025394,          0.25343212,          0.08200000,          0.00000000,          0.00000000,
        715.00000000,         15.26431075,          0.02451075,         -0.00049919,         17.33456192,          0.00000000,          0.01242177,        362.61248493,         -0.00000000,          0.00000000,          0.29996942,     101000.00000000,          0.25477197,          0.25376491,          0.00075312,        361.53261674,          0.00000000,         -0.00000000,          0.30002972,     101000.00000000,          0.25394000,          0.00025394,          0.25343212,          0.08200000,          0.00000000,          0.00000000,
        720.00000000,         15.26410566,          0.02468448,         -0.00049919,         17.33427960,          0.00000000,          0.01250864,        362.60868894,         -0.00000000,          0.00000000,          0.29996921,     101000.00000000,          0.25477197,          0.25376491,          0.00075312,        361.53564223,          0.00000000,         -0.00000000,          0.30002993,     101000.00000000,          0.25394000,          0.00025394,          0.25343212,          0.08200000,          0.00000000,          0.00000000,
        725.00000000,         15.26390707,          0.02485822,         -0.00049919,         17.33400230,          0.00000000,          0.01259550,        362.60489029,         -0.00000000,          0.00000000,          0.29996901,     101000.00000000,          0.25477197,          0.25376491,          0.00075312,        361.53864902,          0.00000000,         -0.00000000,          0.30003014,     101000.00000000,          0.25394000,          0.00025394,          0.25343212,          0.08200000,          0.00000000,          0.00000000,
        730.00000000,         15.26371466,          0.02503195,         -0.00049919,         17.33372978,          0.00000000,          0.01268237,        362.60108931,         -0.00000000,          0.00000000,          0.29996880,     101000.00000000,          0.25477197,          0.25376491,          0.00075312,        361.54163736,          0.00000000,         -0.00000000,          0.30003035,     101000.00000000,          0.25394000,          0.00025394,          0.25343212,          0.08200000,          0.00000000,          0.00000000,
        735.00000000,         15.26352810,          0.02520568,         -0.00049919,         17.33346183,          0.00000000,          0.01276923,        362.59728633,         -0.00000000,          0.00000000,          0.29996859,     101000.00000000,          0.25477197,          0.25376491,          0.00075312,        361.54460752,          0.00000000,         -0.00000000,          0.30003055,     101000.00000000,          0.25394000,          0.00025394,          0.25343212,          0.08200000,          0.00000000,          0.00000000,
        740.00000000,         15.26334712,          0.02537941,         -0.00049919,         17.33319824,          0.00000000,          0.01285610,        362.59348162,         -0.00000000,          0.00000000,          0.29996838,     101000.00000000,          0.25477197,          0.25376491,          0.00075312,        361.54755972,          0.00000000,         -0.00000000,          0.30003076,     101000.00000000,          0.25394000,          0.00025394,          0.25343212,          0.08200000,          0.00000000,          0.00000000,
        745.00000000,         15.26317142,          0.02555314,         -0.00049919,         17.33293882,          0.00000000,          0.01294297,        362.58967549,         -0.00000000,          0.00000000,          0.29996817,     101000.00000000,          0.25477197,          0.25376491,          0.00075312,        361.55049422,          0.00000000,         -0.00000000,          0.30003097,     101000.00000000,          0.25394000,          0.00025394,          0.25343212,          0.08200000,          0.00000000,          0.00000000,
        750.00000000,         15.26300075,          0.02572687,         -0.00049919,         17.33268337,          0.00000000,          0.01302983,        362.58586819,         -0.00000000,          0.00000000,          0.29996796,     101000.00000000,          0.25477197,          0.25376491,          0.00075312,        361.55341122,          0.00000000,         -0.00000000,          0.30003118,     101000.00000000,          0.25394000,          0.00025394,          0.25343212,          0.08200000,          0.00000000,          0.00000000,
        755.00000000,         15.26283484,          0.02590060,         -0.00049919,         17.33243172,          0.00000000,          0.01311670,        362.58205998,         -0.00000000,          0.00000000,          0.29996775,     101000.00000000,          0.25477197,          0.25376491,          0.00075312,        361.55631094,          0.00000000,         -0.00000000,          0.30003139,     101000.00000000,          0.25394000,          0.00025394,          0.25343212,          0.08200000,          0.00000000,          0.00000000,
        760.00000000,         15.26267347,          0.02607433,         -0.00049919,         17.33218370,          0.00000000,          0.01320356,        362.57825110,         -0.00000000,          0.00000000,          0.29996755,     101000.00000000,          0.25477197,          0.25376491,          0.00075312,        361.55919360,          0.00000000,         -0.00000000,          0.30003160,     101000.00000000,          0.25394000,          0.00025394,          0.25343212,          0.08200000,          0.00000000,          0.00000000,
        765.00000000,         15.26251640,          0.02624806,         -0.00049919,         17.33193915,          0.00000000,          0.01329043,        362.57444177,         -0.00000000,          0.00000000,          0.29996734,     101000.00000000,          0.25477197,          0.25376491,          0.00075312,        361.56205937,          0.00000000,         -0.00000000,          0.30003181,     101000.00000000,          0.25394000,          0.00025394,          0.25343212,          0.08200000,          0.00000000,          0.00000000,
        770.00000000,         15.26236341,          0.02642180,         -0.00049919,         17.33169790,          0.00000000,          0.01337729,        362.57063221,         -0.00000000,          0.00000000,          0.29996713,     101000.00000000,          0.25477197,          0.25376491,          0.00075312,        361.56490847,          0.00000000,         -0.00000000,          0.30003202,     101000.00000000,          0.25394000,          0.00025394,          0.25343212,          0.08200000,          0.00000000,          0.00000000,
        775.00000000,         15.26221431,          0.02659553,         -0.00049919,         17.33145982,          0.00000000,          0.01346416,        362.56682263,         -0.00000000,          0.00000000,          0.29996692,     101000.00000000,          0.25477197,          0.25376491,          0.00075312,        361.56774106,          0.00000000,         -0.00000000,          0.30003222,     101000.00000000,          0.25394000,          0.00025394,          0.25343212,          0.08200000,          0.00000000,          0.00000000,
        780.00000000,         15.26206890,          0.02676926,         -0.00049919,         17.33122476,          0.00000000,          0.01355102,        362.56301322,         -0.00000000,          0.00000000,          0.29996671,     101000.00000000,          0.25477197,          0.25376491,          0.00075312,        361.57055734,          0.00000000,         -0.00000000,          0.30003243,     101000.00000000,          0.25394000,          0.00025394,          0.25343212,          0.08200000,          0.00000000,          0.00000000,
        785.00000000,         15.26192700,          0.02694299,         -0.00049919,         17.33099260,          0.00000000,          0.01363789,        362.55920417,         -0.00000000,          0.00000000,          0.29996650,     101000.00000000,          0.25477197,          0.25376491,          0.00075312,        361.57335745,          0.00000000,         -0.00000000,          0.30003264,     101000.00000000,          0.25394000,          0.00025394,          0.25343212,          0.08200000,          0.00000000,          0.00000000,
        790.00000000,         15.26178842,          0.02711672,         -0.00049919,         17.33076319,          0.00000000,          0.01372475,        362.55539564,         -0.00000000,          0.00000000,          0.29996629,     101000.00000000,          0.25477197,          0.25376491,          0.00075312,        361.57614158,          0.00000000,         -0.00000000,          0.30003285,     101000.00000000,          0.25394000,          0.00025394,          0.25343212,          0.08200000,          0.00000000,          0.00000000,
        795.00000000,         15.26165301,          0.02729045,         -0.00049919,         17.33053643,          0.00000000,          0.01381162,        362.55158781,         -0.00000000,          0.00000000,          0.29996609,     101000.00000000,          0.25477197,          0.25376491,          0.00075312,        361.57890986,          0.00000000,         -0.00000000,          0.30003306,     101000.00000000,          0.25394000,          0.00025394,          0.25343212,          0.08200000,          0.00000000,          0.00000000,
        800.00000000,         15.26152060,          0.02746418,         -0.00049919,         17.33031219,          0.00000000,          0.01389849,        362.54778083,         -0.00000000,          0.00000000,          0.29996588,     101000.00000000,          0.25477197,          0.25376491,          0.00075312,        361.58166247,          0.00000000,         -0.00000000,          0.30003327,     101000.00000000,          0.25394000,          0.00025394,          0.25343212,          0.08200000,          0.00000000,          0.00000000,
